"No.","Time","Source","Destination","Protocol","Length","Info"
"18","0.637917","192.168.16.1","192.168.16.211","TCP","101","15002  >  1028 [PSH, ACK] Seq=1 Ack=1 Win=258 Len=35 TSval=121596209 TSecr=37"
"48","1.636910","192.168.16.1","192.168.16.211","TCP","101","15002  >  1028 [PSH, ACK] Seq=36 Ack=30 Win=258 Len=35 TSval=121596309 TSecr=37"
"75","2.455210","192.168.16.1","192.168.16.211","TCP","102","15002  >  1028 [PSH, ACK] Seq=71 Ack=59 Win=258 Len=36 TSval=121596391 TSecr=37"
"104","3.449585","192.168.16.1","192.168.16.211","TCP","101","15002  >  1028 [PSH, ACK] Seq=107 Ack=86 Win=258 Len=35 TSval=121596491 TSecr=37"
"133","4.453523","192.168.16.1","192.168.16.211","TCP","101","15002  >  1028 [PSH, ACK] Seq=142 Ack=115 Win=258 Len=35 TSval=121596591 TSecr=37"
"165","5.442106","192.168.16.1","192.168.16.211","TCP","101","15002  >  1028 [PSH, ACK] Seq=177 Ack=144 Win=258 Len=35 TSval=121596690 TSecr=37"
"199","6.632532","192.168.16.1","192.168.16.211","TCP","101","15002  >  1028 [PSH, ACK] Seq=212 Ack=173 Win=258 Len=35 TSval=121596809 TSecr=37"
"225","7.458205","192.168.16.1","192.168.16.211","TCP","101","15002  >  1028 [PSH, ACK] Seq=247 Ack=202 Win=258 Len=35 TSval=121596891 TSecr=37"
"252","8.463186","192.168.16.1","192.168.16.211","TCP","101","15002  >  1028 [PSH, ACK] Seq=282 Ack=231 Win=258 Len=35 TSval=121596992 TSecr=37"
"280","9.454233","192.168.16.1","192.168.16.211","TCP","101","15002  >  1028 [PSH, ACK] Seq=317 Ack=260 Win=257 Len=35 TSval=121597091 TSecr=37"
"314","10.624934","192.168.16.1","192.168.16.211","TCP","101","15002  >  1028 [PSH, ACK] Seq=352 Ack=289 Win=257 Len=35 TSval=121597208 TSecr=37"
"340","11.451809","192.168.16.1","192.168.16.211","TCP","101","15002  >  1028 [PSH, ACK] Seq=387 Ack=318 Win=257 Len=35 TSval=121597291 TSecr=37"
"370","12.445055","192.168.16.1","192.168.16.211","TCP","101","15002  >  1028 [PSH, ACK] Seq=422 Ack=347 Win=257 Len=35 TSval=121597390 TSecr=37"
"406","13.640104","192.168.16.1","192.168.16.211","TCP","101","15002  >  1028 [PSH, ACK] Seq=457 Ack=376 Win=257 Len=35 TSval=121597510 TSecr=37"
"432","14.463246","192.168.16.1","192.168.16.211","TCP","101","15002  >  1028 [PSH, ACK] Seq=492 Ack=405 Win=257 Len=35 TSval=121597592 TSecr=37"
"460","15.453440","192.168.16.1","192.168.16.211","TCP","101","15002  >  1028 [PSH, ACK] Seq=527 Ack=434 Win=257 Len=35 TSval=121597691 TSecr=37"
"490","16.457689","192.168.16.1","192.168.16.211","TCP","101","15002  >  1028 [PSH, ACK] Seq=562 Ack=463 Win=257 Len=35 TSval=121597791 TSecr=37"
"523","17.461343","192.168.16.1","192.168.16.211","TCP","101","15002  >  1028 [PSH, ACK] Seq=597 Ack=492 Win=257 Len=35 TSval=121597892 TSecr=37"
"551","18.451592","192.168.16.1","192.168.16.211","TCP","101","15002  >  1028 [PSH, ACK] Seq=632 Ack=521 Win=256 Len=35 TSval=121597991 TSecr=37"
"588","19.626292","192.168.16.1","192.168.16.211","TCP","101","15002  >  1028 [PSH, ACK] Seq=667 Ack=550 Win=256 Len=35 TSval=121598108 TSecr=37"
"620","20.638277","192.168.16.1","192.168.16.211","TCP","101","15002  >  1028 [PSH, ACK] Seq=702 Ack=579 Win=256 Len=35 TSval=121598209 TSecr=37"
"650","21.630403","192.168.16.1","192.168.16.211","TCP","101","15002  >  1028 [PSH, ACK] Seq=737 Ack=608 Win=256 Len=35 TSval=121598308 TSecr=37"
"675","22.452050","192.168.16.1","192.168.16.211","TCP","101","15002  >  1028 [PSH, ACK] Seq=772 Ack=637 Win=256 Len=35 TSval=121598391 TSecr=37"
"706","23.456853","192.168.16.1","192.168.16.211","TCP","101","15002  >  1028 [PSH, ACK] Seq=807 Ack=666 Win=256 Len=35 TSval=121598491 TSecr=37"
"741","24.647127","192.168.16.1","192.168.16.211","TCP","101","15002  >  1028 [PSH, ACK] Seq=842 Ack=695 Win=256 Len=35 TSval=121598610 TSecr=37"
"767","25.461322","192.168.16.1","192.168.16.211","TCP","101","15002  >  1028 [PSH, ACK] Seq=877 Ack=724 Win=256 Len=35 TSval=121598692 TSecr=37"
"798","26.466590","192.168.16.1","192.168.16.211","TCP","101","15002  >  1028 [PSH, ACK] Seq=912 Ack=753 Win=256 Len=35 TSval=121598792 TSecr=37"
"828","27.458927","192.168.16.1","192.168.16.211","TCP","101","15002  >  1028 [PSH, ACK] Seq=947 Ack=782 Win=255 Len=35 TSval=121598891 TSecr=37"
"866","28.631518","192.168.16.1","192.168.16.211","TCP","101","15002  >  1028 [PSH, ACK] Seq=982 Ack=811 Win=255 Len=35 TSval=121599009 TSecr=37"
"893","29.455650","192.168.16.1","192.168.16.211","TCP","101","15002  >  1028 [PSH, ACK] Seq=1017 Ack=840 Win=255 Len=35 TSval=121599091 TSecr=37"
"936","30.456975","192.168.16.1","192.168.16.211","TCP","101","15002  >  1028 [PSH, ACK] Seq=1052 Ack=869 Win=255 Len=35 TSval=121599191 TSecr=37"
"975","31.452534","192.168.16.1","192.168.16.211","TCP","101","15002  >  1028 [PSH, ACK] Seq=1087 Ack=898 Win=255 Len=35 TSval=121599291 TSecr=37"
"1008","32.633155","192.168.16.1","192.168.16.211","TCP","101","15002  >  1028 [PSH, ACK] Seq=1122 Ack=927 Win=255 Len=35 TSval=121599409 TSecr=37"
"1039","33.628522","192.168.16.1","192.168.16.211","TCP","101","15002  >  1028 [PSH, ACK] Seq=1157 Ack=956 Win=255 Len=35 TSval=121599508 TSecr=37"
"1066","34.460644","192.168.16.1","192.168.16.211","TCP","101","15002  >  1028 [PSH, ACK] Seq=1192 Ack=985 Win=255 Len=35 TSval=121599591 TSecr=37"
"1099","35.462337","192.168.16.1","192.168.16.211","TCP","101","15002  >  1028 [PSH, ACK] Seq=1227 Ack=1014 Win=254 Len=35 TSval=121599692 TSecr=37"
"1127","36.452059","192.168.16.1","192.168.16.211","TCP","101","15002  >  1028 [PSH, ACK] Seq=1262 Ack=1043 Win=254 Len=35 TSval=121599790 TSecr=37"
"1160","37.624052","192.168.16.1","192.168.16.211","TCP","101","15002  >  1028 [PSH, ACK] Seq=1297 Ack=1072 Win=254 Len=35 TSval=121599908 TSecr=37"
"1185","38.456838","192.168.16.1","192.168.16.211","TCP","101","15002  >  1028 [PSH, ACK] Seq=1332 Ack=1101 Win=254 Len=35 TSval=121599991 TSecr=37"
"1213","39.459743","192.168.16.1","192.168.16.211","TCP","101","15002  >  1028 [PSH, ACK] Seq=1367 Ack=1130 Win=254 Len=35 TSval=121600091 TSecr=37"
"1241","40.454985","192.168.16.1","192.168.16.211","TCP","101","15002  >  1028 [PSH, ACK] Seq=1402 Ack=1159 Win=260 Len=35 TSval=121600191 TSecr=37"
"1273","41.638906","192.168.16.1","192.168.16.211","TCP","101","15002  >  1028 [PSH, ACK] Seq=1437 Ack=1188 Win=260 Len=35 TSval=121600309 TSecr=37"
"1302","42.639100","192.168.16.1","192.168.16.211","TCP","101","15002  >  1028 [PSH, ACK] Seq=1472 Ack=1217 Win=259 Len=35 TSval=121600409 TSecr=37"
"1328","43.451400","192.168.16.1","192.168.16.211","TCP","101","15002  >  1028 [PSH, ACK] Seq=1507 Ack=1246 Win=259 Len=35 TSval=121600490 TSecr=37"
"1362","44.631222","192.168.16.1","192.168.16.211","TCP","101","15002  >  1028 [PSH, ACK] Seq=1542 Ack=1275 Win=259 Len=35 TSval=121600608 TSecr=37"
"1390","45.638082","192.168.16.1","192.168.16.211","TCP","101","15002  >  1028 [PSH, ACK] Seq=1577 Ack=1304 Win=259 Len=35 TSval=121600709 TSecr=37"
"1416","46.462926","192.168.16.1","192.168.16.211","TCP","101","15002  >  1028 [PSH, ACK] Seq=1612 Ack=1333 Win=259 Len=35 TSval=121600791 TSecr=37"
"1450","47.628952","192.168.16.1","192.168.16.211","TCP","101","15002  >  1028 [PSH, ACK] Seq=1647 Ack=1362 Win=259 Len=35 TSval=121600908 TSecr=37"
"1481","48.629139","192.168.16.1","192.168.16.211","TCP","101","15002  >  1028 [PSH, ACK] Seq=1682 Ack=1391 Win=259 Len=35 TSval=121601008 TSecr=37"
"1512","49.639128","192.168.16.1","192.168.16.211","TCP","101","15002  >  1028 [PSH, ACK] Seq=1717 Ack=1420 Win=259 Len=35 TSval=121601109 TSecr=37"
"1535","50.456256","192.168.16.1","192.168.16.211","TCP","101","15002  >  1028 [PSH, ACK] Seq=1752 Ack=1449 Win=259 Len=35 TSval=121601191 TSecr=37"
"1566","51.455997","192.168.16.1","192.168.16.211","TCP","101","15002  >  1028 [PSH, ACK] Seq=1787 Ack=1478 Win=258 Len=35 TSval=121601291 TSecr=37"
"1595","52.459864","192.168.16.1","192.168.16.211","TCP","101","15002  >  1028 [PSH, ACK] Seq=1822 Ack=1507 Win=258 Len=35 TSval=121601391 TSecr=37"
"1622","53.451598","192.168.16.1","192.168.16.211","TCP","101","15002  >  1028 [PSH, ACK] Seq=1857 Ack=1536 Win=258 Len=35 TSval=121601490 TSecr=37"
"1652","54.462510","192.168.16.1","192.168.16.211","TCP","101","15002  >  1028 [PSH, ACK] Seq=1892 Ack=1565 Win=258 Len=35 TSval=121601591 TSecr=37"
"1685","55.643645","192.168.16.1","192.168.16.211","TCP","101","15002  >  1028 [PSH, ACK] Seq=1927 Ack=1594 Win=258 Len=35 TSval=121601709 TSecr=37"
"1711","56.458943","192.168.16.1","192.168.16.211","TCP","101","15002  >  1028 [PSH, ACK] Seq=1962 Ack=1623 Win=258 Len=35 TSval=121601791 TSecr=37"
"1746","57.628278","192.168.16.1","192.168.16.211","TCP","101","15002  >  1028 [PSH, ACK] Seq=1997 Ack=1652 Win=258 Len=35 TSval=121601908 TSecr=37"
"1772","58.455865","192.168.16.1","192.168.16.211","TCP","101","15002  >  1028 [PSH, ACK] Seq=2032 Ack=1681 Win=258 Len=35 TSval=121601991 TSecr=37"
"1800","59.455751","192.168.16.1","192.168.16.211","TCP","101","15002  >  1028 [PSH, ACK] Seq=2067 Ack=1710 Win=258 Len=35 TSval=121602091 TSecr=37"
"1826","60.460708","192.168.16.1","192.168.16.211","TCP","101","15002  >  1028 [PSH, ACK] Seq=2102 Ack=1739 Win=257 Len=35 TSval=121602191 TSecr=37"
"1855","61.455055","192.168.16.1","192.168.16.211","TCP","101","15002  >  1028 [PSH, ACK] Seq=2137 Ack=1768 Win=257 Len=35 TSval=121602291 TSecr=37"
"1893","62.641997","192.168.16.1","192.168.16.211","TCP","101","15002  >  1028 [PSH, ACK] Seq=2172 Ack=1797 Win=257 Len=35 TSval=121602409 TSecr=37"
"1918","63.457145","192.168.16.1","192.168.16.211","TCP","101","15002  >  1028 [PSH, ACK] Seq=2207 Ack=1826 Win=257 Len=35 TSval=121602491 TSecr=37"
"1947","64.450812","192.168.16.1","192.168.16.211","TCP","101","15002  >  1028 [PSH, ACK] Seq=2242 Ack=1855 Win=257 Len=35 TSval=121602590 TSecr=37"
"1979","65.464514","192.168.16.1","192.168.16.211","TCP","101","15002  >  1028 [PSH, ACK] Seq=2277 Ack=1884 Win=257 Len=35 TSval=121602691 TSecr=37"
"2012","66.638607","192.168.16.1","192.168.16.211","TCP","101","15002  >  1028 [PSH, ACK] Seq=2312 Ack=1913 Win=257 Len=35 TSval=121602809 TSecr=37"
"2035","67.461303","192.168.16.1","192.168.16.211","TCP","101","15002  >  1028 [PSH, ACK] Seq=2347 Ack=1942 Win=257 Len=35 TSval=121602891 TSecr=37"
"2063","68.451618","192.168.16.1","192.168.16.211","TCP","101","15002  >  1028 [PSH, ACK] Seq=2382 Ack=1971 Win=257 Len=35 TSval=121602990 TSecr=37"
"2102","69.630627","192.168.16.1","192.168.16.211","TCP","101","15002  >  1028 [PSH, ACK] Seq=2417 Ack=2000 Win=256 Len=35 TSval=121603108 TSecr=37"
"2126","70.459179","192.168.16.1","192.168.16.211","TCP","102","15002  >  1028 [PSH, ACK] Seq=2452 Ack=2029 Win=256 Len=36 TSval=121603191 TSecr=37"
"2157","71.462336","192.168.16.1","192.168.16.211","TCP","101","15002  >  1028 [PSH, ACK] Seq=2488 Ack=2056 Win=256 Len=35 TSval=121603291 TSecr=37"
"2186","72.456487","192.168.16.1","192.168.16.211","TCP","101","15002  >  1028 [PSH, ACK] Seq=2523 Ack=2085 Win=256 Len=35 TSval=121603391 TSecr=37"
"2218","73.466377","192.168.16.1","192.168.16.211","TCP","101","15002  >  1028 [PSH, ACK] Seq=2558 Ack=2114 Win=256 Len=35 TSval=121603492 TSecr=37"
"2249","74.459646","192.168.16.1","192.168.16.211","TCP","101","15002  >  1028 [PSH, ACK] Seq=2593 Ack=2143 Win=256 Len=35 TSval=121603591 TSecr=37"
"2286","75.642066","192.168.16.1","192.168.16.211","TCP","101","15002  >  1028 [PSH, ACK] Seq=2628 Ack=2172 Win=256 Len=35 TSval=121603709 TSecr=37"
"2307","76.453289","192.168.16.1","192.168.16.211","TCP","101","15002  >  1028 [PSH, ACK] Seq=2663 Ack=2201 Win=256 Len=35 TSval=121603790 TSecr=37"
"2345","77.642962","192.168.16.1","192.168.16.211","TCP","101","15002  >  1028 [PSH, ACK] Seq=2698 Ack=2230 Win=256 Len=35 TSval=121603909 TSecr=37"
"2369","78.447131","192.168.16.1","192.168.16.211","TCP","101","15002  >  1028 [PSH, ACK] Seq=2733 Ack=2259 Win=255 Len=35 TSval=121603990 TSecr=37"
"2399","79.454955","192.168.16.1","192.168.16.211","TCP","101","15002  >  1028 [PSH, ACK] Seq=2768 Ack=2288 Win=255 Len=35 TSval=121604090 TSecr=37"
"2435","80.640535","192.168.16.1","192.168.16.211","TCP","101","15002  >  1028 [PSH, ACK] Seq=2803 Ack=2317 Win=255 Len=35 TSval=121604209 TSecr=37"
"2459","81.462111","192.168.16.1","192.168.16.211","TCP","101","15002  >  1028 [PSH, ACK] Seq=2838 Ack=2346 Win=255 Len=35 TSval=121604291 TSecr=37"
"2489","82.454029","192.168.16.1","192.168.16.211","TCP","101","15002  >  1028 [PSH, ACK] Seq=2873 Ack=2375 Win=255 Len=35 TSval=121604390 TSecr=37"
"2519","83.469687","192.168.16.1","192.168.16.211","TCP","101","15002  >  1028 [PSH, ACK] Seq=2908 Ack=2404 Win=255 Len=35 TSval=121604492 TSecr=37"
"2546","84.468907","192.168.16.1","192.168.16.211","TCP","101","15002  >  1028 [PSH, ACK] Seq=2943 Ack=2433 Win=255 Len=35 TSval=121604592 TSecr=37"
"2577","85.464303","192.168.16.1","192.168.16.211","TCP","101","15002  >  1028 [PSH, ACK] Seq=2978 Ack=2462 Win=255 Len=35 TSval=121604691 TSecr=37"
"2610","86.635554","192.168.16.1","192.168.16.211","TCP","101","15002  >  1028 [PSH, ACK] Seq=3013 Ack=2491 Win=254 Len=35 TSval=121604808 TSecr=37"
"2637","87.453683","192.168.16.1","192.168.16.211","TCP","101","15002  >  1028 [PSH, ACK] Seq=3048 Ack=2520 Win=254 Len=35 TSval=121604890 TSecr=37"
"2673","88.643485","192.168.16.1","192.168.16.211","TCP","101","15002  >  1028 [PSH, ACK] Seq=3083 Ack=2549 Win=254 Len=35 TSval=121605009 TSecr=37"
"2698","89.448102","192.168.16.1","192.168.16.211","TCP","101","15002  >  1028 [PSH, ACK] Seq=3118 Ack=2578 Win=254 Len=35 TSval=121605090 TSecr=37"
"2731","90.617485","192.168.16.1","192.168.16.211","TCP","101","15002  >  1028 [PSH, ACK] Seq=3153 Ack=2607 Win=260 Len=35 TSval=121605206 TSecr=37"
"2757","91.467531","192.168.16.1","192.168.16.211","TCP","101","15002  >  1028 [PSH, ACK] Seq=3188 Ack=2636 Win=260 Len=35 TSval=121605291 TSecr=37"
"2784","92.470682","192.168.16.1","192.168.16.211","TCP","101","15002  >  1028 [PSH, ACK] Seq=3223 Ack=2665 Win=259 Len=35 TSval=121605392 TSecr=37"
"2816","93.455936","192.168.16.1","192.168.16.211","TCP","101","15002  >  1028 [PSH, ACK] Seq=3258 Ack=2694 Win=259 Len=35 TSval=121605490 TSecr=37"
"2849","94.645876","192.168.16.1","192.168.16.211","TCP","101","15002  >  1028 [PSH, ACK] Seq=3293 Ack=2723 Win=259 Len=35 TSval=121605609 TSecr=37"
"2875","95.639103","192.168.16.1","192.168.16.211","TCP","101","15002  >  1028 [PSH, ACK] Seq=3328 Ack=2752 Win=259 Len=35 TSval=121605709 TSecr=37"
"2913","96.934427","192.168.16.1","192.168.16.211","TCP","102","15002  >  1028 [PSH, ACK] Seq=3363 Ack=2781 Win=259 Len=36 TSval=121605838 TSecr=37"
"2928","97.465032","192.168.16.1","192.168.16.211","TCP","101","15002  >  1028 [PSH, ACK] Seq=3399 Ack=2808 Win=259 Len=35 TSval=121605891 TSecr=37"
"2961","98.641716","192.168.16.1","192.168.16.211","TCP","101","15002  >  1028 [PSH, ACK] Seq=3434 Ack=2837 Win=259 Len=35 TSval=121606009 TSecr=37"
"2990","99.638510","192.168.16.1","192.168.16.211","TCP","101","15002  >  1028 [PSH, ACK] Seq=3469 Ack=2866 Win=259 Len=35 TSval=121606108 TSecr=37"
"3014","100.450952","192.168.16.1","192.168.16.211","TCP","102","15002  >  1028 [PSH, ACK] Seq=3504 Ack=2895 Win=259 Len=36 TSval=121606190 TSecr=37"
"3050","101.651322","192.168.16.1","192.168.16.211","TCP","101","15002  >  1028 [PSH, ACK] Seq=3540 Ack=2922 Win=258 Len=35 TSval=121606310 TSecr=37"
"3078","102.454943","192.168.16.1","192.168.16.211","TCP","101","15002  >  1028 [PSH, ACK] Seq=3575 Ack=2952 Win=258 Len=35 TSval=121606390 TSecr=37"
"3111","103.620825","192.168.16.1","192.168.16.211","TCP","101","15002  >  1028 [PSH, ACK] Seq=3610 Ack=2982 Win=258 Len=35 TSval=121606507 TSecr=37"
"3142","104.633768","192.168.16.1","192.168.16.211","TCP","101","15002  >  1028 [PSH, ACK] Seq=3645 Ack=3011 Win=258 Len=35 TSval=121606608 TSecr=37"
"3167","105.473423","192.168.16.1","192.168.16.211","TCP","101","15002  >  1028 [PSH, ACK] Seq=3680 Ack=3040 Win=258 Len=35 TSval=121606692 TSecr=37"
"3201","106.632623","192.168.16.1","192.168.16.211","TCP","101","15002  >  1028 [PSH, ACK] Seq=3715 Ack=3069 Win=258 Len=35 TSval=121606808 TSecr=37"
"3233","107.643434","192.168.16.1","192.168.16.211","TCP","101","15002  >  1028 [PSH, ACK] Seq=3750 Ack=3098 Win=258 Len=35 TSval=121606909 TSecr=37"
"3256","108.460249","192.168.16.1","192.168.16.211","TCP","101","15002  >  1028 [PSH, ACK] Seq=3785 Ack=3127 Win=258 Len=35 TSval=121606991 TSecr=37"
"3288","109.647958","192.168.16.1","192.168.16.211","TCP","101","15002  >  1028 [PSH, ACK] Seq=3820 Ack=3156 Win=258 Len=35 TSval=121607109 TSecr=37"
"3320","110.638991","192.168.16.1","192.168.16.211","TCP","101","15002  >  1028 [PSH, ACK] Seq=3855 Ack=3185 Win=257 Len=35 TSval=121607208 TSecr=37"
"3346","111.450348","192.168.16.1","192.168.16.211","TCP","101","15002  >  1028 [PSH, ACK] Seq=3890 Ack=3214 Win=257 Len=35 TSval=121607289 TSecr=37"
"3385","112.627842","192.168.16.1","192.168.16.211","TCP","101","15002  >  1028 [PSH, ACK] Seq=3925 Ack=3243 Win=257 Len=35 TSval=121607407 TSecr=37"
"3413","113.635912","192.168.16.1","192.168.16.211","TCP","101","15002  >  1028 [PSH, ACK] Seq=3960 Ack=3272 Win=257 Len=35 TSval=121607508 TSecr=37"
"3438","114.458585","192.168.16.1","192.168.16.211","TCP","101","15002  >  1028 [PSH, ACK] Seq=3995 Ack=3301 Win=257 Len=35 TSval=121607590 TSecr=37"
"3471","115.638112","192.168.16.1","192.168.16.211","TCP","101","15002  >  1028 [PSH, ACK] Seq=4030 Ack=3330 Win=257 Len=35 TSval=121607708 TSecr=37"
"3503","116.634558","192.168.16.1","192.168.16.211","TCP","101","15002  >  1028 [PSH, ACK] Seq=4065 Ack=3359 Win=257 Len=35 TSval=121607808 TSecr=37"
"3525","117.447080","192.168.16.1","192.168.16.211","TCP","101","15002  >  1028 [PSH, ACK] Seq=4100 Ack=3388 Win=257 Len=35 TSval=121607889 TSecr=37"
"3563","118.631069","192.168.16.1","192.168.16.211","TCP","101","15002  >  1028 [PSH, ACK] Seq=4135 Ack=3417 Win=257 Len=35 TSval=121608007 TSecr=37"
"3586","119.461298","192.168.16.1","192.168.16.211","TCP","101","15002  >  1028 [PSH, ACK] Seq=4170 Ack=3446 Win=256 Len=35 TSval=121608090 TSecr=37"
"3620","120.645218","192.168.16.1","192.168.16.211","TCP","101","15002  >  1028 [PSH, ACK] Seq=4205 Ack=3475 Win=256 Len=35 TSval=121608209 TSecr=37"
"3652","121.634003","192.168.16.1","192.168.16.211","TCP","101","15002  >  1028 [PSH, ACK] Seq=4240 Ack=3505 Win=256 Len=35 TSval=121608308 TSecr=37"
"3683","122.634096","192.168.16.1","192.168.16.211","TCP","101","15002  >  1028 [PSH, ACK] Seq=4275 Ack=3534 Win=256 Len=35 TSval=121608408 TSecr=37"
"3709","123.462232","192.168.16.1","192.168.16.211","TCP","102","15002  >  1028 [PSH, ACK] Seq=4310 Ack=3563 Win=256 Len=36 TSval=121608491 TSecr=37"
"3740","124.459292","192.168.16.1","192.168.16.211","TCP","102","15002  >  1028 [PSH, ACK] Seq=4346 Ack=3590 Win=256 Len=36 TSval=121608590 TSecr=37"
"3772","125.635071","192.168.16.1","192.168.16.211","TCP","101","15002  >  1028 [PSH, ACK] Seq=4382 Ack=3619 Win=256 Len=35 TSval=121608708 TSecr=37"
"3795","126.460872","192.168.16.1","192.168.16.211","TCP","101","15002  >  1028 [PSH, ACK] Seq=4417 Ack=3648 Win=256 Len=35 TSval=121608790 TSecr=37"
"3824","127.458389","192.168.16.1","192.168.16.211","TCP","101","15002  >  1028 [PSH, ACK] Seq=4452 Ack=3677 Win=256 Len=35 TSval=121608890 TSecr=37"
"3852","128.448069","192.168.16.1","192.168.16.211","TCP","101","15002  >  1028 [PSH, ACK] Seq=4487 Ack=3706 Win=255 Len=35 TSval=121608989 TSecr=37"
"3880","129.462122","192.168.16.1","192.168.16.211","TCP","101","15002  >  1028 [PSH, ACK] Seq=4522 Ack=3735 Win=255 Len=35 TSval=121609090 TSecr=37"
"3910","130.465831","192.168.16.1","192.168.16.211","TCP","101","15002  >  1028 [PSH, ACK] Seq=4557 Ack=3765 Win=255 Len=35 TSval=121609191 TSecr=37"
"3939","131.464893","192.168.16.1","192.168.16.211","TCP","101","15002  >  1028 [PSH, ACK] Seq=4592 Ack=3794 Win=255 Len=35 TSval=121609291 TSecr=37"
"3967","132.460219","192.168.16.1","192.168.16.211","TCP","101","15002  >  1028 [PSH, ACK] Seq=4627 Ack=3823 Win=255 Len=35 TSval=121609390 TSecr=37"
"3994","133.454876","192.168.16.1","192.168.16.211","TCP","101","15002  >  1028 [PSH, ACK] Seq=4662 Ack=3852 Win=255 Len=35 TSval=121609490 TSecr=37"
"4024","134.466912","192.168.16.1","192.168.16.211","TCP","101","15002  >  1028 [PSH, ACK] Seq=4697 Ack=3881 Win=255 Len=35 TSval=121609591 TSecr=37"
"4056","135.467744","192.168.16.1","192.168.16.211","TCP","102","15002  >  1028 [PSH, ACK] Seq=4732 Ack=3910 Win=255 Len=36 TSval=121609691 TSecr=37"
"4090","136.634029","192.168.16.1","192.168.16.211","TCP","101","15002  >  1028 [PSH, ACK] Seq=4768 Ack=3937 Win=254 Len=35 TSval=121609808 TSecr=37"
"4114","137.467994","192.168.16.1","192.168.16.211","TCP","101","15002  >  1028 [PSH, ACK] Seq=4803 Ack=3966 Win=254 Len=35 TSval=121609891 TSecr=37"
"4150","138.645406","192.168.16.1","192.168.16.211","TCP","101","15002  >  1028 [PSH, ACK] Seq=4838 Ack=3995 Win=254 Len=35 TSval=121610009 TSecr=37"
"4176","139.462540","192.168.16.1","192.168.16.211","TCP","101","15002  >  1028 [PSH, ACK] Seq=4873 Ack=4024 Win=254 Len=35 TSval=121610090 TSecr=37"
"4205","140.452006","192.168.16.1","192.168.16.211","TCP","101","15002  >  1028 [PSH, ACK] Seq=4908 Ack=4053 Win=254 Len=35 TSval=121610189 TSecr=37"
"4231","141.465122","192.168.16.1","192.168.16.211","TCP","101","15002  >  1028 [PSH, ACK] Seq=4943 Ack=4082 Win=260 Len=35 TSval=121610291 TSecr=37"
"4265","142.627439","192.168.16.1","192.168.16.211","TCP","101","15002  >  1028 [PSH, ACK] Seq=4978 Ack=4111 Win=260 Len=35 TSval=121610407 TSecr=37"
"4288","143.460488","192.168.16.1","192.168.16.211","TCP","101","15002  >  1028 [PSH, ACK] Seq=5013 Ack=4140 Win=259 Len=35 TSval=121610490 TSecr=37"
"4320","144.459672","192.168.16.1","192.168.16.211","TCP","101","15002  >  1028 [PSH, ACK] Seq=5048 Ack=4169 Win=259 Len=35 TSval=121610590 TSecr=37"
"4352","145.643502","192.168.16.1","192.168.16.211","TCP","101","15002  >  1028 [PSH, ACK] Seq=5083 Ack=4198 Win=259 Len=35 TSval=121610708 TSecr=37"
"4377","146.449846","192.168.16.1","192.168.16.211","TCP","101","15002  >  1028 [PSH, ACK] Seq=5118 Ack=4227 Win=259 Len=35 TSval=121610789 TSecr=37"
"4410","147.636636","192.168.16.1","192.168.16.211","TCP","101","15002  >  1028 [PSH, ACK] Seq=5153 Ack=4256 Win=259 Len=35 TSval=121610908 TSecr=37"
"4442","148.636080","192.168.16.1","192.168.16.211","TCP","101","15002  >  1028 [PSH, ACK] Seq=5188 Ack=4286 Win=259 Len=35 TSval=121611008 TSecr=37"
"4466","149.456740","192.168.16.1","192.168.16.211","TCP","101","15002  >  1028 [PSH, ACK] Seq=5223 Ack=4315 Win=259 Len=35 TSval=121611090 TSecr=37"
"4492","150.458271","192.168.16.1","192.168.16.211","TCP","101","15002  >  1028 [PSH, ACK] Seq=5258 Ack=4344 Win=259 Len=35 TSval=121611190 TSecr=37"
"4523","151.475819","192.168.16.1","192.168.16.211","TCP","101","15002  >  1028 [PSH, ACK] Seq=5293 Ack=4373 Win=259 Len=35 TSval=121611292 TSecr=37"
"4551","152.477404","192.168.16.1","192.168.16.211","TCP","101","15002  >  1028 [PSH, ACK] Seq=5328 Ack=4402 Win=258 Len=35 TSval=121611392 TSecr=37"
"4581","153.458450","192.168.16.1","192.168.16.211","TCP","101","15002  >  1028 [PSH, ACK] Seq=5363 Ack=4431 Win=258 Len=35 TSval=121611490 TSecr=37"
"4613","154.460854","192.168.16.1","192.168.16.211","TCP","101","15002  >  1028 [PSH, ACK] Seq=5398 Ack=4460 Win=258 Len=35 TSval=121611590 TSecr=37"
"4644","155.467100","192.168.16.1","192.168.16.211","TCP","101","15002  >  1028 [PSH, ACK] Seq=5433 Ack=4489 Win=258 Len=35 TSval=121611691 TSecr=37"
"4673","156.456329","192.168.16.1","192.168.16.211","TCP","101","15002  >  1028 [PSH, ACK] Seq=5468 Ack=4518 Win=258 Len=35 TSval=121611790 TSecr=37"
"4707","157.459117","192.168.16.1","192.168.16.211","TCP","101","15002  >  1028 [PSH, ACK] Seq=5503 Ack=4547 Win=258 Len=35 TSval=121611890 TSecr=37"
"4735","158.473064","192.168.16.1","192.168.16.211","TCP","101","15002  >  1028 [PSH, ACK] Seq=5538 Ack=4576 Win=258 Len=35 TSval=121611991 TSecr=37"
"4770","159.641029","192.168.16.1","192.168.16.211","TCP","101","15002  >  1028 [PSH, ACK] Seq=5573 Ack=4605 Win=258 Len=35 TSval=121612108 TSecr=37"
"4798","160.629280","192.168.16.1","192.168.16.211","TCP","101","15002  >  1028 [PSH, ACK] Seq=5608 Ack=4634 Win=258 Len=35 TSval=121612207 TSecr=37"
"4824","161.462192","192.168.16.1","192.168.16.211","TCP","101","15002  >  1028 [PSH, ACK] Seq=5643 Ack=4663 Win=257 Len=35 TSval=121612290 TSecr=37"
"4853","162.465579","192.168.16.1","192.168.16.211","TCP","101","15002  >  1028 [PSH, ACK] Seq=5678 Ack=4692 Win=257 Len=35 TSval=121612390 TSecr=37"
"4886","163.456936","192.168.16.1","192.168.16.211","TCP","101","15002  >  1028 [PSH, ACK] Seq=5713 Ack=4721 Win=257 Len=35 TSval=121612490 TSecr=37"
"4916","164.448247","192.168.16.1","192.168.16.211","TCP","101","15002  >  1028 [PSH, ACK] Seq=5748 Ack=4750 Win=257 Len=35 TSval=121612589 TSecr=37"
"4942","165.464189","192.168.16.1","192.168.16.211","TCP","101","15002  >  1028 [PSH, ACK] Seq=5783 Ack=4779 Win=257 Len=35 TSval=121612690 TSecr=37"
"4972","166.464523","192.168.16.1","192.168.16.211","TCP","101","15002  >  1028 [PSH, ACK] Seq=5818 Ack=4808 Win=257 Len=35 TSval=121612790 TSecr=37"
"5002","167.456968","192.168.16.1","192.168.16.211","TCP","101","15002  >  1028 [PSH, ACK] Seq=5853 Ack=4837 Win=257 Len=35 TSval=121612890 TSecr=37"
"5033","168.463280","192.168.16.1","192.168.16.211","TCP","101","15002  >  1028 [PSH, ACK] Seq=5888 Ack=4866 Win=257 Len=35 TSval=121612990 TSecr=37"
"5063","169.454183","192.168.16.1","192.168.16.211","TCP","101","15002  >  1028 [PSH, ACK] Seq=5923 Ack=4895 Win=257 Len=35 TSval=121613089 TSecr=37"
"5093","170.467779","192.168.16.1","192.168.16.211","TCP","101","15002  >  1028 [PSH, ACK] Seq=5958 Ack=4924 Win=256 Len=35 TSval=121613191 TSecr=37"
"5122","171.458662","192.168.16.1","192.168.16.211","TCP","101","15002  >  1028 [PSH, ACK] Seq=5993 Ack=4953 Win=256 Len=35 TSval=121613290 TSecr=37"
"5150","172.462286","192.168.16.1","192.168.16.211","TCP","101","15002  >  1028 [PSH, ACK] Seq=6028 Ack=4982 Win=256 Len=35 TSval=121613390 TSecr=37"
"5180","173.454857","192.168.16.1","192.168.16.211","TCP","101","15002  >  1028 [PSH, ACK] Seq=6063 Ack=5011 Win=256 Len=35 TSval=121613489 TSecr=37"
"5213","174.655637","192.168.16.1","192.168.16.211","TCP","101","15002  >  1028 [PSH, ACK] Seq=6098 Ack=5040 Win=256 Len=35 TSval=121613609 TSecr=37"
"5245","175.647383","192.168.16.1","192.168.16.211","TCP","101","15002  >  1028 [PSH, ACK] Seq=6133 Ack=5069 Win=256 Len=35 TSval=121613708 TSecr=37"
"5270","176.462476","192.168.16.1","192.168.16.211","TCP","101","15002  >  1028 [PSH, ACK] Seq=6168 Ack=5098 Win=256 Len=35 TSval=121613790 TSecr=37"
"5298","177.466791","192.168.16.1","192.168.16.211","TCP","101","15002  >  1028 [PSH, ACK] Seq=6203 Ack=5127 Win=256 Len=35 TSval=121613890 TSecr=37"
"5327","178.459949","192.168.16.1","192.168.16.211","TCP","101","15002  >  1028 [PSH, ACK] Seq=6238 Ack=5156 Win=255 Len=35 TSval=121613990 TSecr=37"
"5356","179.465935","192.168.16.1","192.168.16.211","TCP","101","15002  >  1028 [PSH, ACK] Seq=6273 Ack=5185 Win=255 Len=35 TSval=121614090 TSecr=37"
"5385","180.456632","192.168.16.1","192.168.16.211","TCP","101","15002  >  1028 [PSH, ACK] Seq=6308 Ack=5214 Win=255 Len=35 TSval=121614189 TSecr=37"
"5424","181.641976","192.168.16.1","192.168.16.211","TCP","101","15002  >  1028 [PSH, ACK] Seq=6343 Ack=5243 Win=255 Len=35 TSval=121614308 TSecr=37"
"5448","182.459187","192.168.16.1","192.168.16.211","TCP","101","15002  >  1028 [PSH, ACK] Seq=6378 Ack=5272 Win=255 Len=35 TSval=121614390 TSecr=37"
"5478","183.462816","192.168.16.1","192.168.16.211","TCP","101","15002  >  1028 [PSH, ACK] Seq=6413 Ack=5301 Win=255 Len=35 TSval=121614490 TSecr=37"
"5508","184.466224","192.168.16.1","192.168.16.211","TCP","101","15002  >  1028 [PSH, ACK] Seq=6448 Ack=5330 Win=255 Len=35 TSval=121614590 TSecr=37"
"5535","185.459690","192.168.16.1","192.168.16.211","TCP","101","15002  >  1028 [PSH, ACK] Seq=6483 Ack=5359 Win=255 Len=35 TSval=121614690 TSecr=37"
"5566","186.634112","192.168.16.1","192.168.16.211","TCP","101","15002  >  1028 [PSH, ACK] Seq=6518 Ack=5388 Win=255 Len=35 TSval=121614807 TSecr=37"
"5595","187.643349","192.168.16.1","192.168.16.211","TCP","101","15002  >  1028 [PSH, ACK] Seq=6553 Ack=5417 Win=254 Len=35 TSval=121614908 TSecr=37"
"5621","188.466817","192.168.16.1","192.168.16.211","TCP","101","15002  >  1028 [PSH, ACK] Seq=6588 Ack=5446 Win=254 Len=35 TSval=121614990 TSecr=37"
"5652","189.471100","192.168.16.1","192.168.16.211","TCP","101","15002  >  1028 [PSH, ACK] Seq=6623 Ack=5475 Win=254 Len=35 TSval=121615091 TSecr=37"
"5678","190.462700","192.168.16.1","192.168.16.211","TCP","101","15002  >  1028 [PSH, ACK] Seq=6658 Ack=5504 Win=254 Len=35 TSval=121615190 TSecr=37"
"5708","191.651318","192.168.16.1","192.168.16.211","TCP","101","15002  >  1028 [PSH, ACK] Seq=6693 Ack=5533 Win=260 Len=35 TSval=121615309 TSecr=37"
"5736","192.472868","192.168.16.1","192.168.16.211","TCP","101","15002  >  1028 [PSH, ACK] Seq=6728 Ack=5562 Win=260 Len=35 TSval=121615391 TSecr=37"
"5766","193.470693","192.168.16.1","192.168.16.211","TCP","101","15002  >  1028 [PSH, ACK] Seq=6763 Ack=5591 Win=259 Len=35 TSval=121615491 TSecr=37"
"5794","194.466324","192.168.16.1","192.168.16.211","TCP","101","15002  >  1028 [PSH, ACK] Seq=6798 Ack=5620 Win=259 Len=35 TSval=121615590 TSecr=37"
"5820","195.455712","192.168.16.1","192.168.16.211","TCP","101","15002  >  1028 [PSH, ACK] Seq=6833 Ack=5649 Win=259 Len=35 TSval=121615689 TSecr=37"
"5849","196.459847","192.168.16.1","192.168.16.211","TCP","101","15002  >  1028 [PSH, ACK] Seq=6868 Ack=5678 Win=259 Len=35 TSval=121615790 TSecr=37"
"5881","197.451429","192.168.16.1","192.168.16.211","TCP","101","15002  >  1028 [PSH, ACK] Seq=6903 Ack=5707 Win=259 Len=35 TSval=121615889 TSecr=37"
"5913","198.465987","192.168.16.1","192.168.16.211","TCP","101","15002  >  1028 [PSH, ACK] Seq=6938 Ack=5736 Win=259 Len=35 TSval=121615990 TSecr=37"
"5944","199.474683","192.168.16.1","192.168.16.211","TCP","101","15002  >  1028 [PSH, ACK] Seq=6973 Ack=5765 Win=259 Len=35 TSval=121616091 TSecr=37"
"5973","200.464858","192.168.16.1","192.168.16.211","TCP","101","15002  >  1028 [PSH, ACK] Seq=7008 Ack=5794 Win=259 Len=35 TSval=121616190 TSecr=37"
"6006","201.464952","192.168.16.1","192.168.16.211","TCP","101","15002  >  1028 [PSH, ACK] Seq=7043 Ack=5823 Win=259 Len=35 TSval=121616290 TSecr=37"
"6036","202.458263","192.168.16.1","192.168.16.211","TCP","101","15002  >  1028 [PSH, ACK] Seq=7078 Ack=5852 Win=258 Len=35 TSval=121616389 TSecr=37"
"6069","203.459678","192.168.16.1","192.168.16.211","TCP","101","15002  >  1028 [PSH, ACK] Seq=7113 Ack=5881 Win=258 Len=35 TSval=121616489 TSecr=37"
"6100","204.462567","192.168.16.1","192.168.16.211","TCP","101","15002  >  1028 [PSH, ACK] Seq=7148 Ack=5910 Win=258 Len=35 TSval=121616590 TSecr=37"
"6126","205.466678","192.168.16.1","192.168.16.211","TCP","101","15002  >  1028 [PSH, ACK] Seq=7183 Ack=5939 Win=258 Len=35 TSval=121616690 TSecr=37"
"6159","206.456689","192.168.16.1","192.168.16.211","TCP","101","15002  >  1028 [PSH, ACK] Seq=7218 Ack=5968 Win=258 Len=35 TSval=121616789 TSecr=37"
"6187","207.461550","192.168.16.1","192.168.16.211","TCP","102","15002  >  1028 [PSH, ACK] Seq=7253 Ack=5997 Win=258 Len=36 TSval=121616890 TSecr=37"
"6219","208.454704","192.168.16.1","192.168.16.211","TCP","101","15002  >  1028 [PSH, ACK] Seq=7289 Ack=6024 Win=258 Len=35 TSval=121616989 TSecr=37"
"6249","209.467879","192.168.16.1","192.168.16.211","TCP","101","15002  >  1028 [PSH, ACK] Seq=7324 Ack=6053 Win=258 Len=35 TSval=121617090 TSecr=37"
"6279","210.471306","192.168.16.1","192.168.16.211","TCP","101","15002  >  1028 [PSH, ACK] Seq=7359 Ack=6082 Win=258 Len=35 TSval=121617190 TSecr=37"
"6311","211.465622","192.168.16.1","192.168.16.211","TCP","101","15002  >  1028 [PSH, ACK] Seq=7394 Ack=6111 Win=257 Len=35 TSval=121617290 TSecr=37"
"6345","212.635528","192.168.16.1","192.168.16.211","TCP","101","15002  >  1028 [PSH, ACK] Seq=7429 Ack=6140 Win=257 Len=35 TSval=121617407 TSecr=37"
"6371","213.472856","192.168.16.1","192.168.16.211","TCP","101","15002  >  1028 [PSH, ACK] Seq=7464 Ack=6169 Win=257 Len=35 TSval=121617491 TSecr=37"
"6401","214.469078","192.168.16.1","192.168.16.211","TCP","101","15002  >  1028 [PSH, ACK] Seq=7499 Ack=6198 Win=257 Len=35 TSval=121617590 TSecr=37"
"6436","215.634977","192.168.16.1","192.168.16.211","TCP","101","15002  >  1028 [PSH, ACK] Seq=7534 Ack=6227 Win=257 Len=35 TSval=121617707 TSecr=37"
"6458","216.467390","192.168.16.1","192.168.16.211","TCP","101","15002  >  1028 [PSH, ACK] Seq=7569 Ack=6256 Win=257 Len=35 TSval=121617790 TSecr=37"
"6491","217.461178","192.168.16.1","192.168.16.211","TCP","101","15002  >  1028 [PSH, ACK] Seq=7604 Ack=6285 Win=257 Len=35 TSval=121617889 TSecr=37"
"6522","218.463236","192.168.16.1","192.168.16.211","TCP","101","15002  >  1028 [PSH, ACK] Seq=7639 Ack=6314 Win=257 Len=35 TSval=121617990 TSecr=37"
"6554","219.646092","192.168.16.1","192.168.16.211","TCP","101","15002  >  1028 [PSH, ACK] Seq=7674 Ack=6343 Win=257 Len=35 TSval=121618108 TSecr=37"
"6578","220.466291","192.168.16.1","192.168.16.211","TCP","101","15002  >  1028 [PSH, ACK] Seq=7709 Ack=6372 Win=256 Len=35 TSval=121618190 TSecr=37"
"6609","221.639831","192.168.16.1","192.168.16.211","TCP","101","15002  >  1028 [PSH, ACK] Seq=7744 Ack=6401 Win=256 Len=35 TSval=121618307 TSecr=37"
"6634","222.463997","192.168.16.1","192.168.16.211","TCP","101","15002  >  1028 [PSH, ACK] Seq=7779 Ack=6430 Win=256 Len=35 TSval=121618390 TSecr=37"
"6657","223.468627","192.168.16.1","192.168.16.211","TCP","101","15002  >  1028 [PSH, ACK] Seq=7814 Ack=6459 Win=256 Len=35 TSval=121618490 TSecr=37"
"6691","224.656718","192.168.16.1","192.168.16.211","TCP","101","15002  >  1028 [PSH, ACK] Seq=7849 Ack=6488 Win=256 Len=35 TSval=121618609 TSecr=37"
"6716","225.471965","192.168.16.1","192.168.16.211","TCP","101","15002  >  1028 [PSH, ACK] Seq=7884 Ack=6517 Win=256 Len=35 TSval=121618690 TSecr=37"
"6750","226.633407","192.168.16.1","192.168.16.211","TCP","101","15002  >  1028 [PSH, ACK] Seq=7919 Ack=6546 Win=256 Len=35 TSval=121618807 TSecr=37"
"6778","227.465137","192.168.16.1","192.168.16.211","TCP","101","15002  >  1028 [PSH, ACK] Seq=7954 Ack=6575 Win=256 Len=35 TSval=121618890 TSecr=37"
"6813","228.647403","192.168.16.1","192.168.16.211","TCP","101","15002  >  1028 [PSH, ACK] Seq=7989 Ack=6604 Win=256 Len=35 TSval=121619008 TSecr=37"
"6835","229.468094","192.168.16.1","192.168.16.211","TCP","101","15002  >  1028 [PSH, ACK] Seq=8024 Ack=6633 Win=255 Len=35 TSval=121619090 TSecr=37"
"6864","230.460408","192.168.16.1","192.168.16.211","TCP","101","15002  >  1028 [PSH, ACK] Seq=8059 Ack=6662 Win=255 Len=35 TSval=121619189 TSecr=37"
"6894","231.464404","192.168.16.1","192.168.16.211","TCP","102","15002  >  1028 [PSH, ACK] Seq=8094 Ack=6691 Win=255 Len=36 TSval=121619290 TSecr=37"
"6925","232.654622","192.168.16.1","192.168.16.211","TCP","101","15002  >  1028 [PSH, ACK] Seq=8130 Ack=6718 Win=255 Len=35 TSval=121619409 TSecr=37"
"6951","233.468906","192.168.16.1","192.168.16.211","TCP","101","15002  >  1028 [PSH, ACK] Seq=8165 Ack=6747 Win=255 Len=35 TSval=121619490 TSecr=37"
"6982","234.639999","192.168.16.1","192.168.16.211","TCP","101","15002  >  1028 [PSH, ACK] Seq=8200 Ack=6776 Win=255 Len=35 TSval=121619607 TSecr=37"
"7006","235.464627","192.168.16.1","192.168.16.211","TCP","101","15002  >  1028 [PSH, ACK] Seq=8235 Ack=6805 Win=255 Len=35 TSval=121619690 TSecr=37"
"7037","236.469164","192.168.16.1","192.168.16.211","TCP","101","15002  >  1028 [PSH, ACK] Seq=8270 Ack=6834 Win=255 Len=35 TSval=121619790 TSecr=37"
"7068","237.463498","192.168.16.1","192.168.16.211","TCP","102","15002  >  1028 [PSH, ACK] Seq=8305 Ack=6863 Win=254 Len=36 TSval=121619889 TSecr=37"
"7100","238.466346","192.168.16.1","192.168.16.211","TCP","101","15002  >  1028 [PSH, ACK] Seq=8341 Ack=6890 Win=254 Len=35 TSval=121619990 TSecr=37"
"7130","239.467392","192.168.16.1","192.168.16.211","TCP","101","15002  >  1028 [PSH, ACK] Seq=8376 Ack=6919 Win=254 Len=35 TSval=121620090 TSecr=37"
"7165","240.641138","192.168.16.1","192.168.16.211","TCP","101","15002  >  1028 [PSH, ACK] Seq=8411 Ack=6948 Win=254 Len=35 TSval=121620207 TSecr=37"
"7185","241.460303","192.168.16.1","192.168.16.211","TCP","101","15002  >  1028 [PSH, ACK] Seq=8446 Ack=6977 Win=254 Len=35 TSval=121620289 TSecr=37"
"7216","242.465720","192.168.16.1","192.168.16.211","TCP","101","15002  >  1028 [PSH, ACK] Seq=8481 Ack=7006 Win=260 Len=35 TSval=121620390 TSecr=37"
"7253","243.711575","192.168.16.1","192.168.16.211","TCP","101","15002  >  1028 [PSH, ACK] Seq=8516 Ack=7035 Win=260 Len=35 TSval=121620514 TSecr=37"
"7282","244.644216","192.168.16.1","192.168.16.211","TCP","101","15002  >  1028 [PSH, ACK] Seq=8551 Ack=7064 Win=259 Len=35 TSval=121620607 TSecr=37"
"7314","245.638105","192.168.16.1","192.168.16.211","TCP","101","15002  >  1028 [PSH, ACK] Seq=8586 Ack=7093 Win=259 Len=35 TSval=121620707 TSecr=37"
"7341","246.462816","192.168.16.1","192.168.16.211","TCP","101","15002  >  1028 [PSH, ACK] Seq=8621 Ack=7122 Win=259 Len=35 TSval=121620789 TSecr=37"
"7372","247.472258","192.168.16.1","192.168.16.211","TCP","101","15002  >  1028 [PSH, ACK] Seq=8656 Ack=7151 Win=259 Len=35 TSval=121620890 TSecr=37"
"7400","248.462486","192.168.16.1","192.168.16.211","TCP","101","15002  >  1028 [PSH, ACK] Seq=8691 Ack=7180 Win=259 Len=35 TSval=121620989 TSecr=37"
"7429","249.471305","192.168.16.1","192.168.16.211","TCP","101","15002  >  1028 [PSH, ACK] Seq=8726 Ack=7209 Win=259 Len=35 TSval=121621090 TSecr=37"
"7456","250.464580","192.168.16.1","192.168.16.211","TCP","101","15002  >  1028 [PSH, ACK] Seq=8761 Ack=7238 Win=259 Len=35 TSval=121621189 TSecr=37"
"7490","251.645300","192.168.16.1","192.168.16.211","TCP","101","15002  >  1028 [PSH, ACK] Seq=8796 Ack=7267 Win=259 Len=35 TSval=121621307 TSecr=37"
"7513","252.469806","192.168.16.1","192.168.16.211","TCP","101","15002  >  1028 [PSH, ACK] Seq=8831 Ack=7296 Win=259 Len=35 TSval=121621390 TSecr=37"
"7547","253.465878","192.168.16.1","192.168.16.211","TCP","101","15002  >  1028 [PSH, ACK] Seq=8866 Ack=7325 Win=258 Len=35 TSval=121621489 TSecr=37"
"7580","254.648161","192.168.16.1","192.168.16.211","TCP","101","15002  >  1028 [PSH, ACK] Seq=8901 Ack=7354 Win=258 Len=35 TSval=121621608 TSecr=37"
"7605","255.463250","192.168.16.1","192.168.16.211","TCP","101","15002  >  1028 [PSH, ACK] Seq=8936 Ack=7383 Win=258 Len=35 TSval=121621689 TSecr=37"
"7637","256.465901","192.168.16.1","192.168.16.211","TCP","101","15002  >  1028 [PSH, ACK] Seq=8971 Ack=7412 Win=258 Len=35 TSval=121621789 TSecr=37"
"7661","257.464305","192.168.16.1","192.168.16.211","TCP","101","15002  >  1028 [PSH, ACK] Seq=9006 Ack=7441 Win=258 Len=35 TSval=121621889 TSecr=37"
"7694","258.472518","192.168.16.1","192.168.16.211","TCP","101","15002  >  1028 [PSH, ACK] Seq=9041 Ack=7470 Win=258 Len=35 TSval=121621990 TSecr=37"
"7719","259.465029","192.168.16.1","192.168.16.211","TCP","101","15002  >  1028 [PSH, ACK] Seq=9076 Ack=7499 Win=258 Len=35 TSval=121622089 TSecr=37"
"7756","260.647144","192.168.16.1","192.168.16.211","TCP","101","15002  >  1028 [PSH, ACK] Seq=9111 Ack=7528 Win=258 Len=35 TSval=121622208 TSecr=37"
"7781","261.458099","192.168.16.1","192.168.16.211","TCP","101","15002  >  1028 [PSH, ACK] Seq=9146 Ack=7557 Win=258 Len=35 TSval=121622289 TSecr=37"
"7819","262.644359","192.168.16.1","192.168.16.211","TCP","101","15002  >  1028 [PSH, ACK] Seq=9181 Ack=7586 Win=257 Len=35 TSval=121622407 TSecr=37"
"7850","263.649451","192.168.16.1","192.168.16.211","TCP","101","15002  >  1028 [PSH, ACK] Seq=9216 Ack=7615 Win=257 Len=35 TSval=121622508 TSecr=37"
"7874","264.479252","192.168.16.1","192.168.16.211","TCP","101","15002  >  1028 [PSH, ACK] Seq=9251 Ack=7644 Win=257 Len=35 TSval=121622591 TSecr=37"
"7910","265.654284","192.168.16.1","192.168.16.211","TCP","101","15002  >  1028 [PSH, ACK] Seq=9286 Ack=7673 Win=257 Len=35 TSval=121622708 TSecr=37"
"7931","266.472878","192.168.16.1","192.168.16.211","TCP","101","15002  >  1028 [PSH, ACK] Seq=9321 Ack=7702 Win=257 Len=35 TSval=121622790 TSecr=37"
"7964","267.648145","192.168.16.1","192.168.16.211","TCP","101","15002  >  1028 [PSH, ACK] Seq=9356 Ack=7731 Win=257 Len=35 TSval=121622908 TSecr=37"
"7985","268.476031","192.168.16.1","192.168.16.211","TCP","101","15002  >  1028 [PSH, ACK] Seq=9391 Ack=7760 Win=257 Len=35 TSval=121622990 TSecr=37"
"8021","269.658261","192.168.16.1","192.168.16.211","TCP","101","15002  >  1028 [PSH, ACK] Seq=9426 Ack=7789 Win=257 Len=35 TSval=121623109 TSecr=37"
"8046","270.462423","192.168.16.1","192.168.16.211","TCP","101","15002  >  1028 [PSH, ACK] Seq=9461 Ack=7818 Win=257 Len=35 TSval=121623189 TSecr=37"
"8075","271.468237","192.168.16.1","192.168.16.211","TCP","101","15002  >  1028 [PSH, ACK] Seq=9496 Ack=7847 Win=256 Len=35 TSval=121623290 TSecr=37"
"8106","272.460143","192.168.16.1","192.168.16.211","TCP","101","15002  >  1028 [PSH, ACK] Seq=9531 Ack=7876 Win=256 Len=35 TSval=121623389 TSecr=37"
"8138","273.647071","192.168.16.1","192.168.16.211","TCP","101","15002  >  1028 [PSH, ACK] Seq=9566 Ack=7905 Win=256 Len=35 TSval=121623507 TSecr=37"
"8163","274.475116","192.168.16.1","192.168.16.211","TCP","101","15002  >  1028 [PSH, ACK] Seq=9601 Ack=7934 Win=256 Len=35 TSval=121623590 TSecr=37"
"8190","275.465112","192.168.16.1","192.168.16.211","TCP","101","15002  >  1028 [PSH, ACK] Seq=9636 Ack=7963 Win=256 Len=35 TSval=121623689 TSecr=37"
"8229","276.659929","192.168.16.1","192.168.16.211","TCP","101","15002  >  1028 [PSH, ACK] Seq=9671 Ack=7992 Win=256 Len=35 TSval=121623809 TSecr=37"
"8253","277.463636","192.168.16.1","192.168.16.211","TCP","101","15002  >  1028 [PSH, ACK] Seq=9706 Ack=8021 Win=256 Len=35 TSval=121623889 TSecr=37"
"8278","278.468863","192.168.16.1","192.168.16.211","TCP","101","15002  >  1028 [PSH, ACK] Seq=9741 Ack=8050 Win=256 Len=35 TSval=121623990 TSecr=37"
"8310","279.643089","192.168.16.1","192.168.16.211","TCP","101","15002  >  1028 [PSH, ACK] Seq=9776 Ack=8079 Win=255 Len=35 TSval=121624107 TSecr=37"
"8342","280.651468","192.168.16.1","192.168.16.211","TCP","101","15002  >  1028 [PSH, ACK] Seq=9811 Ack=8108 Win=255 Len=35 TSval=121624208 TSecr=37"
"8376","281.648138","192.168.16.1","192.168.16.211","TCP","101","15002  >  1028 [PSH, ACK] Seq=9846 Ack=8137 Win=255 Len=35 TSval=121624307 TSecr=37"
"8400","282.468641","192.168.16.1","192.168.16.211","TCP","101","15002  >  1028 [PSH, ACK] Seq=9881 Ack=8166 Win=255 Len=35 TSval=121624389 TSecr=37"
"8428","283.460571","192.168.16.1","192.168.16.211","TCP","101","15002  >  1028 [PSH, ACK] Seq=9916 Ack=8195 Win=255 Len=35 TSval=121624489 TSecr=37"
"8455","284.470618","192.168.16.1","192.168.16.211","TCP","101","15002  >  1028 [PSH, ACK] Seq=9951 Ack=8224 Win=255 Len=35 TSval=121624590 TSecr=37"
"8496","285.648247","192.168.16.1","192.168.16.211","TCP","101","15002  >  1028 [PSH, ACK] Seq=9986 Ack=8253 Win=255 Len=35 TSval=121624707 TSecr=37"
"8521","286.466913","192.168.16.1","192.168.16.211","TCP","101","15002  >  1028 [PSH, ACK] Seq=10021 Ack=8282 Win=255 Len=35 TSval=121624789 TSecr=37"
"8552","287.461763","192.168.16.1","192.168.16.211","TCP","101","15002  >  1028 [PSH, ACK] Seq=10056 Ack=8311 Win=255 Len=35 TSval=121624889 TSecr=37"
"8587","288.654958","192.168.16.1","192.168.16.211","TCP","101","15002  >  1028 [PSH, ACK] Seq=10091 Ack=8340 Win=254 Len=35 TSval=121625008 TSecr=37"
"8611","289.468103","192.168.16.1","192.168.16.211","TCP","101","15002  >  1028 [PSH, ACK] Seq=10126 Ack=8369 Win=254 Len=35 TSval=121625089 TSecr=37"
"8645","290.644428","192.168.16.1","192.168.16.211","TCP","101","15002  >  1028 [PSH, ACK] Seq=10161 Ack=8398 Win=254 Len=35 TSval=121625207 TSecr=37"
"8670","291.462636","192.168.16.1","192.168.16.211","TCP","101","15002  >  1028 [PSH, ACK] Seq=10196 Ack=8427 Win=254 Len=35 TSval=121625289 TSecr=37"
"8699","292.461723","192.168.16.1","192.168.16.211","TCP","101","15002  >  1028 [PSH, ACK] Seq=10231 Ack=8456 Win=260 Len=35 TSval=121625389 TSecr=37"
"8729","293.464181","192.168.16.1","192.168.16.211","TCP","101","15002  >  1028 [PSH, ACK] Seq=10266 Ack=8485 Win=260 Len=35 TSval=121625489 TSecr=37"
"8757","294.473125","192.168.16.1","192.168.16.211","TCP","101","15002  >  1028 [PSH, ACK] Seq=10301 Ack=8514 Win=259 Len=35 TSval=121625590 TSecr=37"
"8794","295.657300","192.168.16.1","192.168.16.211","TCP","101","15002  >  1028 [PSH, ACK] Seq=10336 Ack=8543 Win=259 Len=35 TSval=121625708 TSecr=37"
"8827","296.650097","192.168.16.1","192.168.16.211","TCP","101","15002  >  1028 [PSH, ACK] Seq=10371 Ack=8572 Win=259 Len=35 TSval=121625807 TSecr=37"
"8852","297.467117","192.168.16.1","192.168.16.211","TCP","101","15002  >  1028 [PSH, ACK] Seq=10406 Ack=8601 Win=259 Len=35 TSval=121625889 TSecr=37"
"8880","298.463503","192.168.16.1","192.168.16.211","TCP","102","15002  >  1028 [PSH, ACK] Seq=10441 Ack=8630 Win=259 Len=36 TSval=121625989 TSecr=37"
"8913","299.461233","192.168.16.1","192.168.16.211","TCP","101","15002  >  1028 [PSH, ACK] Seq=10477 Ack=8657 Win=259 Len=35 TSval=121626089 TSecr=37"
"8945","300.478504","192.168.16.1","192.168.16.211","TCP","101","15002  >  1028 [PSH, ACK] Seq=10512 Ack=8686 Win=259 Len=35 TSval=121626190 TSecr=37"
"8975","301.473125","192.168.16.1","192.168.16.211","TCP","101","15002  >  1028 [PSH, ACK] Seq=10547 Ack=8715 Win=259 Len=35 TSval=121626290 TSecr=37"
"9003","302.467655","192.168.16.1","192.168.16.211","TCP","102","15002  >  1028 [PSH, ACK] Seq=10582 Ack=8744 Win=259 Len=36 TSval=121626389 TSecr=37"
"9028","303.468975","192.168.16.1","192.168.16.211","TCP","101","15002  >  1028 [PSH, ACK] Seq=10618 Ack=8771 Win=258 Len=35 TSval=121626489 TSecr=37"
"9057","304.468746","192.168.16.1","192.168.16.211","TCP","101","15002  >  1028 [PSH, ACK] Seq=10653 Ack=8800 Win=258 Len=35 TSval=121626589 TSecr=37"
"9091","305.650072","192.168.16.1","192.168.16.211","TCP","101","15002  >  1028 [PSH, ACK] Seq=10688 Ack=8829 Win=258 Len=35 TSval=121626707 TSecr=37"
"9121","306.658250","192.168.16.1","192.168.16.211","TCP","101","15002  >  1028 [PSH, ACK] Seq=10723 Ack=8858 Win=258 Len=35 TSval=121626808 TSecr=37"
"9149","307.645865","192.168.16.1","192.168.16.211","TCP","101","15002  >  1028 [PSH, ACK] Seq=10758 Ack=8887 Win=258 Len=35 TSval=121626907 TSecr=37"
"9179","308.640133","192.168.16.1","192.168.16.211","TCP","101","15002  >  1028 [PSH, ACK] Seq=10793 Ack=8916 Win=258 Len=35 TSval=121627006 TSecr=37"
"9203","309.464092","192.168.16.1","192.168.16.211","TCP","102","15002  >  1028 [PSH, ACK] Seq=10828 Ack=8945 Win=258 Len=36 TSval=121627089 TSecr=37"
"9237","310.645135","192.168.16.1","192.168.16.211","TCP","101","15002  >  1028 [PSH, ACK] Seq=10864 Ack=8972 Win=258 Len=35 TSval=121627207 TSecr=37"
"9268","311.651392","192.168.16.1","192.168.16.211","TCP","101","15002  >  1028 [PSH, ACK] Seq=10899 Ack=9001 Win=258 Len=35 TSval=121627307 TSecr=37"
"9291","312.465132","192.168.16.1","192.168.16.211","TCP","101","15002  >  1028 [PSH, ACK] Seq=10934 Ack=9030 Win=257 Len=35 TSval=121627389 TSecr=37"
"9322","313.478790","192.168.16.1","192.168.16.211","TCP","101","15002  >  1028 [PSH, ACK] Seq=10969 Ack=9059 Win=257 Len=35 TSval=121627490 TSecr=37"
"9347","314.470381","192.168.16.1","192.168.16.211","TCP","101","15002  >  1028 [PSH, ACK] Seq=11004 Ack=9088 Win=257 Len=35 TSval=121627589 TSecr=37"
"9376","315.474163","192.168.16.1","192.168.16.211","TCP","101","15002  >  1028 [PSH, ACK] Seq=11039 Ack=9117 Win=257 Len=35 TSval=121627690 TSecr=37"
"9413","316.652303","192.168.16.1","192.168.16.211","TCP","101","15002  >  1028 [PSH, ACK] Seq=11074 Ack=9146 Win=257 Len=35 TSval=121627807 TSecr=37"
"9441","317.651786","192.168.16.1","192.168.16.211","TCP","101","15002  >  1028 [PSH, ACK] Seq=11109 Ack=9175 Win=257 Len=35 TSval=121627907 TSecr=37"
"9471","318.650554","192.168.16.1","192.168.16.211","TCP","101","15002  >  1028 [PSH, ACK] Seq=11144 Ack=9204 Win=257 Len=35 TSval=121628007 TSecr=37"
"9497","319.476409","192.168.16.1","192.168.16.211","TCP","101","15002  >  1028 [PSH, ACK] Seq=11179 Ack=9233 Win=257 Len=35 TSval=121628090 TSecr=37"
"9533","320.639041","192.168.16.1","192.168.16.211","TCP","101","15002  >  1028 [PSH, ACK] Seq=11214 Ack=9262 Win=257 Len=35 TSval=121628206 TSecr=37"
"9561","321.470123","192.168.16.1","192.168.16.211","TCP","101","15002  >  1028 [PSH, ACK] Seq=11249 Ack=9291 Win=256 Len=35 TSval=121628289 TSecr=37"
"9596","322.647453","192.168.16.1","192.168.16.211","TCP","101","15002  >  1028 [PSH, ACK] Seq=11284 Ack=9320 Win=256 Len=35 TSval=121628407 TSecr=37"
"9627","323.645379","192.168.16.1","192.168.16.211","TCP","101","15002  >  1028 [PSH, ACK] Seq=11319 Ack=9349 Win=256 Len=35 TSval=121628507 TSecr=37"
"9659","324.645581","192.168.16.1","192.168.16.211","TCP","101","15002  >  1028 [PSH, ACK] Seq=11354 Ack=9378 Win=256 Len=35 TSval=121628607 TSecr=37"
"9687","325.649172","192.168.16.1","192.168.16.211","TCP","101","15002  >  1028 [PSH, ACK] Seq=11389 Ack=9407 Win=256 Len=35 TSval=121628707 TSecr=37"
"9716","326.641353","192.168.16.1","192.168.16.211","TCP","101","15002  >  1028 [PSH, ACK] Seq=11424 Ack=9436 Win=256 Len=35 TSval=121628806 TSecr=37"
"9738","327.464646","192.168.16.1","192.168.16.211","TCP","102","15002  >  1028 [PSH, ACK] Seq=11459 Ack=9465 Win=256 Len=36 TSval=121628889 TSecr=37"
"9770","328.651111","192.168.16.1","192.168.16.211","TCP","101","15002  >  1028 [PSH, ACK] Seq=11495 Ack=9492 Win=256 Len=35 TSval=121629007 TSecr=37"
"9791","329.478295","192.168.16.1","192.168.16.211","TCP","101","15002  >  1028 [PSH, ACK] Seq=11530 Ack=9521 Win=256 Len=35 TSval=121629090 TSecr=37"
"9827","330.642043","192.168.16.1","192.168.16.211","TCP","101","15002  >  1028 [PSH, ACK] Seq=11565 Ack=9550 Win=255 Len=35 TSval=121629206 TSecr=37"
"9858","331.638876","192.168.16.1","192.168.16.211","TCP","101","15002  >  1028 [PSH, ACK] Seq=11600 Ack=9579 Win=255 Len=35 TSval=121629306 TSecr=37"
"9884","332.653820","192.168.16.1","192.168.16.211","TCP","101","15002  >  1028 [PSH, ACK] Seq=11635 Ack=9608 Win=255 Len=35 TSval=121629407 TSecr=37"
"9917","333.659181","192.168.16.1","192.168.16.211","TCP","101","15002  >  1028 [PSH, ACK] Seq=11670 Ack=9637 Win=255 Len=35 TSval=121629508 TSecr=37"
"9943","334.482495","192.168.16.1","192.168.16.211","TCP","101","15002  >  1028 [PSH, ACK] Seq=11705 Ack=9666 Win=255 Len=35 TSval=121629590 TSecr=37"
"9975","335.642563","192.168.16.1","192.168.16.211","TCP","101","15002  >  1028 [PSH, ACK] Seq=11740 Ack=9695 Win=255 Len=35 TSval=121629706 TSecr=37"
"10000","336.478888","192.168.16.1","192.168.16.211","TCP","101","15002  >  1028 [PSH, ACK] Seq=11775 Ack=9724 Win=255 Len=35 TSval=121629790 TSecr=37"
"10028","337.474521","192.168.16.1","192.168.16.211","TCP","102","15002  >  1028 [PSH, ACK] Seq=11810 Ack=9753 Win=255 Len=36 TSval=121629889 TSecr=37"
"10055","338.471354","192.168.16.1","192.168.16.211","TCP","101","15002  >  1028 [PSH, ACK] Seq=11846 Ack=9780 Win=255 Len=35 TSval=121629989 TSecr=37"
"10083","339.469715","192.168.16.1","192.168.16.211","TCP","101","15002  >  1028 [PSH, ACK] Seq=11881 Ack=9809 Win=254 Len=35 TSval=121630089 TSecr=37"
"10116","340.639218","192.168.16.1","192.168.16.211","TCP","101","15002  >  1028 [PSH, ACK] Seq=11916 Ack=9838 Win=254 Len=35 TSval=121630206 TSecr=37"
"10141","341.466392","192.168.16.1","192.168.16.211","TCP","102","15002  >  1028 [PSH, ACK] Seq=11951 Ack=9867 Win=254 Len=36 TSval=121630289 TSecr=37"
"10172","342.640362","192.168.16.1","192.168.16.211","TCP","101","15002  >  1028 [PSH, ACK] Seq=11987 Ack=9894 Win=254 Len=35 TSval=121630406 TSecr=37"
"10197","343.465293","192.168.16.1","192.168.16.211","TCP","102","15002  >  1028 [PSH, ACK] Seq=12022 Ack=9923 Win=260 Len=36 TSval=121630488 TSecr=37"
"10229","344.477988","192.168.16.1","192.168.16.211","TCP","101","15002  >  1028 [PSH, ACK] Seq=12058 Ack=9950 Win=260 Len=35 TSval=121630590 TSecr=37"
"10258","345.474130","192.168.16.1","192.168.16.211","TCP","101","15002  >  1028 [PSH, ACK] Seq=12093 Ack=9979 Win=259 Len=35 TSval=121630689 TSecr=37"
"10289","346.470526","192.168.16.1","192.168.16.211","TCP","101","15002  >  1028 [PSH, ACK] Seq=12128 Ack=10009 Win=259 Len=35 TSval=121630789 TSecr=37"
"10318","347.478302","192.168.16.1","192.168.16.211","TCP","101","15002  >  1028 [PSH, ACK] Seq=12163 Ack=10038 Win=259 Len=35 TSval=121630890 TSecr=37"
"10344","348.471166","192.168.16.1","192.168.16.211","TCP","101","15002  >  1028 [PSH, ACK] Seq=12198 Ack=10067 Win=259 Len=35 TSval=121630989 TSecr=37"
"10374","349.457478","192.168.16.1","192.168.16.211","TCP","101","15002  >  1028 [PSH, ACK] Seq=12233 Ack=10096 Win=259 Len=35 TSval=121631088 TSecr=37"
"10406","350.472446","192.168.16.1","192.168.16.211","TCP","101","15002  >  1028 [PSH, ACK] Seq=12268 Ack=10125 Win=259 Len=35 TSval=121631189 TSecr=37"
"10438","351.646907","192.168.16.1","192.168.16.211","TCP","101","15002  >  1028 [PSH, ACK] Seq=12303 Ack=10154 Win=259 Len=35 TSval=121631306 TSecr=37"
"10462","352.468794","192.168.16.1","192.168.16.211","TCP","102","15002  >  1028 [PSH, ACK] Seq=12338 Ack=10183 Win=259 Len=36 TSval=121631389 TSecr=37"
"10491","353.470445","192.168.16.1","192.168.16.211","TCP","101","15002  >  1028 [PSH, ACK] Seq=12374 Ack=10210 Win=259 Len=35 TSval=121631489 TSecr=37"
"10520","354.462033","192.168.16.1","192.168.16.211","TCP","101","15002  >  1028 [PSH, ACK] Seq=12409 Ack=10239 Win=258 Len=35 TSval=121631588 TSecr=37"
"10552","355.473638","192.168.16.1","192.168.16.211","TCP","101","15002  >  1028 [PSH, ACK] Seq=12444 Ack=10268 Win=258 Len=35 TSval=121631689 TSecr=37"
"10583","356.477207","192.168.16.1","192.168.16.211","TCP","101","15002  >  1028 [PSH, ACK] Seq=12479 Ack=10297 Win=258 Len=35 TSval=121631789 TSecr=37"
"10610","357.467342","192.168.16.1","192.168.16.211","TCP","102","15002  >  1028 [PSH, ACK] Seq=12514 Ack=10327 Win=258 Len=36 TSval=121631888 TSecr=37"
"10640","358.647868","192.168.16.1","192.168.16.211","TCP","101","15002  >  1028 [PSH, ACK] Seq=12550 Ack=10354 Win=258 Len=35 TSval=121632007 TSecr=37"
"10663","359.464299","192.168.16.1","192.168.16.211","TCP","101","15002  >  1028 [PSH, ACK] Seq=12585 Ack=10383 Win=258 Len=35 TSval=121632088 TSecr=37"
"10691","360.478094","192.168.16.1","192.168.16.211","TCP","101","15002  >  1028 [PSH, ACK] Seq=12620 Ack=10412 Win=258 Len=35 TSval=121632190 TSecr=37"
"10720","361.467502","192.168.16.1","192.168.16.211","TCP","101","15002  >  1028 [PSH, ACK] Seq=12655 Ack=10441 Win=258 Len=35 TSval=121632288 TSecr=37"
"10760","362.643587","192.168.16.1","192.168.16.211","TCP","101","15002  >  1028 [PSH, ACK] Seq=12690 Ack=10470 Win=258 Len=35 TSval=121632406 TSecr=37"
"10785","363.474899","192.168.16.1","192.168.16.211","TCP","101","15002  >  1028 [PSH, ACK] Seq=12725 Ack=10499 Win=257 Len=35 TSval=121632489 TSecr=37"
"10819","364.644479","192.168.16.1","192.168.16.211","TCP","101","15002  >  1028 [PSH, ACK] Seq=12760 Ack=10528 Win=257 Len=35 TSval=121632606 TSecr=37"
"10843","365.464026","192.168.16.1","192.168.16.211","TCP","101","15002  >  1028 [PSH, ACK] Seq=12795 Ack=10557 Win=257 Len=35 TSval=121632688 TSecr=37"
"10876","366.478975","192.168.16.1","192.168.16.211","TCP","101","15002  >  1028 [PSH, ACK] Seq=12830 Ack=10586 Win=257 Len=35 TSval=121632790 TSecr=37"
"10906","367.651157","192.168.16.1","192.168.16.211","TCP","101","15002  >  1028 [PSH, ACK] Seq=12865 Ack=10615 Win=257 Len=35 TSval=121632907 TSecr=37"
"10930","368.469285","192.168.16.1","192.168.16.211","TCP","101","15002  >  1028 [PSH, ACK] Seq=12900 Ack=10644 Win=257 Len=35 TSval=121632989 TSecr=37"
"10963","369.465031","192.168.16.1","192.168.16.211","TCP","101","15002  >  1028 [PSH, ACK] Seq=12935 Ack=10673 Win=257 Len=35 TSval=121633088 TSecr=37"
"10995","370.462712","192.168.16.1","192.168.16.211","TCP","101","15002  >  1028 [PSH, ACK] Seq=12970 Ack=10702 Win=257 Len=35 TSval=121633188 TSecr=37"
"11023","371.461558","192.168.16.1","192.168.16.211","TCP","101","15002  >  1028 [PSH, ACK] Seq=13005 Ack=10731 Win=257 Len=35 TSval=121633288 TSecr=37"
"11057","372.651158","192.168.16.1","192.168.16.211","TCP","101","15002  >  1028 [PSH, ACK] Seq=13040 Ack=10760 Win=256 Len=35 TSval=121633407 TSecr=37"
"11085","373.646966","192.168.16.1","192.168.16.211","TCP","101","15002  >  1028 [PSH, ACK] Seq=13075 Ack=10789 Win=256 Len=35 TSval=121633506 TSecr=37"
"11119","374.657695","192.168.16.1","192.168.16.211","TCP","101","15002  >  1028 [PSH, ACK] Seq=13110 Ack=10818 Win=256 Len=35 TSval=121633607 TSecr=37"
"11144","375.641084","192.168.16.1","192.168.16.211","TCP","101","15002  >  1028 [PSH, ACK] Seq=13145 Ack=10847 Win=256 Len=35 TSval=121633706 TSecr=37"
"11169","376.468353","192.168.16.1","192.168.16.211","TCP","101","15002  >  1028 [PSH, ACK] Seq=13180 Ack=10876 Win=256 Len=35 TSval=121633788 TSecr=37"
"11199","377.474031","192.168.16.1","192.168.16.211","TCP","101","15002  >  1028 [PSH, ACK] Seq=13215 Ack=10906 Win=256 Len=35 TSval=121633889 TSecr=37"
"11232","378.652376","192.168.16.1","192.168.16.211","TCP","101","15002  >  1028 [PSH, ACK] Seq=13250 Ack=10935 Win=256 Len=35 TSval=121634007 TSecr=37"
"11262","379.645634","192.168.16.1","192.168.16.211","TCP","102","15002  >  1028 [PSH, ACK] Seq=13285 Ack=10964 Win=256 Len=36 TSval=121634106 TSecr=37"
"11291","380.647641","192.168.16.1","192.168.16.211","TCP","101","15002  >  1028 [PSH, ACK] Seq=13321 Ack=10991 Win=256 Len=35 TSval=121634206 TSecr=37"
"11317","381.469023","192.168.16.1","192.168.16.211","TCP","101","15002  >  1028 [PSH, ACK] Seq=13356 Ack=11020 Win=255 Len=35 TSval=121634288 TSecr=37"
"11346","382.468122","192.168.16.1","192.168.16.211","TCP","101","15002  >  1028 [PSH, ACK] Seq=13391 Ack=11049 Win=255 Len=35 TSval=121634388 TSecr=37"
"11376","383.475870","192.168.16.1","192.168.16.211","TCP","101","15002  >  1028 [PSH, ACK] Seq=13426 Ack=11078 Win=255 Len=35 TSval=121634489 TSecr=37"
"11409","384.642636","192.168.16.1","192.168.16.211","TCP","101","15002  >  1028 [PSH, ACK] Seq=13461 Ack=11108 Win=255 Len=35 TSval=121634606 TSecr=37"
"11435","385.473809","192.168.16.1","192.168.16.211","TCP","101","15002  >  1028 [PSH, ACK] Seq=13496 Ack=11137 Win=255 Len=35 TSval=121634689 TSecr=37"
"11461","386.645778","192.168.16.1","192.168.16.211","TCP","101","15002  >  1028 [PSH, ACK] Seq=13531 Ack=11166 Win=255 Len=35 TSval=121634806 TSecr=37"
"11490","387.471045","192.168.16.1","192.168.16.211","TCP","101","15002  >  1028 [PSH, ACK] Seq=13566 Ack=11195 Win=255 Len=35 TSval=121634889 TSecr=37"
"11519","388.487711","192.168.16.1","192.168.16.211","TCP","101","15002  >  1028 [PSH, ACK] Seq=13601 Ack=11224 Win=255 Len=35 TSval=121634990 TSecr=37"
"11557","389.644460","192.168.16.1","192.168.16.211","TCP","101","15002  >  1028 [PSH, ACK] Seq=13636 Ack=11253 Win=254 Len=35 TSval=121635106 TSecr=37"
"11583","390.465065","192.168.16.1","192.168.16.211","TCP","101","15002  >  1028 [PSH, ACK] Seq=13671 Ack=11282 Win=254 Len=35 TSval=121635188 TSecr=37"
"11620","391.641577","192.168.16.1","192.168.16.211","TCP","101","15002  >  1028 [PSH, ACK] Seq=13706 Ack=11311 Win=254 Len=35 TSval=121635306 TSecr=37"
"11644","392.472565","192.168.16.1","192.168.16.211","TCP","101","15002  >  1028 [PSH, ACK] Seq=13741 Ack=11340 Win=254 Len=35 TSval=121635389 TSecr=37"
"11675","393.466455","192.168.16.1","192.168.16.211","TCP","101","15002  >  1028 [PSH, ACK] Seq=13776 Ack=11369 Win=254 Len=35 TSval=121635488 TSecr=37"
"11703","394.470841","192.168.16.1","192.168.16.211","TCP","101","15002  >  1028 [PSH, ACK] Seq=13811 Ack=11398 Win=260 Len=35 TSval=121635588 TSecr=37"
"11737","395.658626","192.168.16.1","192.168.16.211","TCP","101","15002  >  1028 [PSH, ACK] Seq=13846 Ack=11427 Win=260 Len=35 TSval=121635707 TSecr=37"
"11766","396.647286","192.168.16.1","192.168.16.211","TCP","101","15002  >  1028 [PSH, ACK] Seq=13881 Ack=11456 Win=259 Len=35 TSval=121635806 TSecr=37"
"11798","397.648872","192.168.16.1","192.168.16.211","TCP","101","15002  >  1028 [PSH, ACK] Seq=13916 Ack=11485 Win=259 Len=35 TSval=121635906 TSecr=37"
"11822","398.479152","192.168.16.1","192.168.16.211","TCP","101","15002  >  1028 [PSH, ACK] Seq=13951 Ack=11514 Win=259 Len=35 TSval=121635989 TSecr=37"
"11852","399.469156","192.168.16.1","192.168.16.211","TCP","101","15002  >  1028 [PSH, ACK] Seq=13986 Ack=11543 Win=259 Len=35 TSval=121636088 TSecr=37"
"11889","400.649877","192.168.16.1","192.168.16.211","TCP","101","15002  >  1028 [PSH, ACK] Seq=14021 Ack=11572 Win=259 Len=35 TSval=121636206 TSecr=37"
"11919","401.658652","192.168.16.1","192.168.16.211","TCP","101","15002  >  1028 [PSH, ACK] Seq=14056 Ack=11601 Win=259 Len=35 TSval=121636307 TSecr=37"
"11951","402.646261","192.168.16.1","192.168.16.211","TCP","101","15002  >  1028 [PSH, ACK] Seq=14091 Ack=11630 Win=259 Len=35 TSval=121636406 TSecr=37"
"11976","403.471434","192.168.16.1","192.168.16.211","TCP","101","15002  >  1028 [PSH, ACK] Seq=14126 Ack=11659 Win=259 Len=35 TSval=121636488 TSecr=37"
"12001","404.463698","192.168.16.1","192.168.16.211","TCP","101","15002  >  1028 [PSH, ACK] Seq=14161 Ack=11689 Win=259 Len=35 TSval=121636588 TSecr=37"
"12038","405.655410","192.168.16.1","192.168.16.211","TCP","101","15002  >  1028 [PSH, ACK] Seq=14196 Ack=11718 Win=258 Len=35 TSval=121636707 TSecr=37"
"12067","406.647344","192.168.16.1","192.168.16.211","TCP","101","15002  >  1028 [PSH, ACK] Seq=14231 Ack=11747 Win=258 Len=35 TSval=121636806 TSecr=37"
"12094","407.475276","192.168.16.1","192.168.16.211","TCP","101","15002  >  1028 [PSH, ACK] Seq=14266 Ack=11776 Win=258 Len=35 TSval=121636889 TSecr=37"
"12123","408.474084","192.168.16.1","192.168.16.211","TCP","101","15002  >  1028 [PSH, ACK] Seq=14301 Ack=11805 Win=258 Len=35 TSval=121636989 TSecr=37"
"12162","409.480389","192.168.16.1","192.168.16.211","TCP","101","15002  >  1028 [PSH, ACK] Seq=14336 Ack=11834 Win=258 Len=35 TSval=121637089 TSecr=37"
"12204","410.473510","192.168.16.1","192.168.16.211","TCP","101","15002  >  1028 [PSH, ACK] Seq=14371 Ack=11863 Win=258 Len=35 TSval=121637189 TSecr=37"
"12238","411.651989","192.168.16.1","192.168.16.211","TCP","101","15002  >  1028 [PSH, ACK] Seq=14406 Ack=11892 Win=258 Len=35 TSval=121637306 TSecr=37"
"12263","412.475162","192.168.16.1","192.168.16.211","TCP","101","15002  >  1028 [PSH, ACK] Seq=14441 Ack=11921 Win=258 Len=35 TSval=121637389 TSecr=37"
"12297","413.651475","192.168.16.1","192.168.16.211","TCP","101","15002  >  1028 [PSH, ACK] Seq=14476 Ack=11950 Win=258 Len=35 TSval=121637506 TSecr=37"
"12322","414.471289","192.168.16.1","192.168.16.211","TCP","101","15002  >  1028 [PSH, ACK] Seq=14511 Ack=11979 Win=257 Len=35 TSval=121637588 TSecr=37"
"12349","415.477230","192.168.16.1","192.168.16.211","TCP","101","15002  >  1028 [PSH, ACK] Seq=14546 Ack=12008 Win=257 Len=35 TSval=121637689 TSecr=37"
"12383","416.661653","192.168.16.1","192.168.16.211","TCP","102","15002  >  1028 [PSH, ACK] Seq=14581 Ack=12037 Win=257 Len=36 TSval=121637807 TSecr=37"
"12414","417.644709","192.168.16.1","192.168.16.211","TCP","101","15002  >  1028 [PSH, ACK] Seq=14617 Ack=12064 Win=257 Len=35 TSval=121637906 TSecr=37"
"12443","418.646707","192.168.16.1","192.168.16.211","TCP","101","15002  >  1028 [PSH, ACK] Seq=14652 Ack=12093 Win=257 Len=35 TSval=121638006 TSecr=37"
"12466","419.476624","192.168.16.1","192.168.16.211","TCP","101","15002  >  1028 [PSH, ACK] Seq=14687 Ack=12122 Win=257 Len=35 TSval=121638089 TSecr=37"
"12497","420.472054","192.168.16.1","192.168.16.211","TCP","101","15002  >  1028 [PSH, ACK] Seq=14722 Ack=12151 Win=257 Len=35 TSval=121638188 TSecr=37"
"12533","421.655676","192.168.16.1","192.168.16.211","TCP","101","15002  >  1028 [PSH, ACK] Seq=14757 Ack=12180 Win=257 Len=35 TSval=121638307 TSecr=37"
"12560","422.654859","192.168.16.1","192.168.16.211","TCP","101","15002  >  1028 [PSH, ACK] Seq=14792 Ack=12209 Win=257 Len=35 TSval=121638407 TSecr=37"
"12585","423.478665","192.168.16.1","192.168.16.211","TCP","101","15002  >  1028 [PSH, ACK] Seq=14827 Ack=12238 Win=256 Len=35 TSval=121638489 TSecr=37"
"12620","424.651583","192.168.16.1","192.168.16.211","TCP","101","15002  >  1028 [PSH, ACK] Seq=14862 Ack=12267 Win=256 Len=35 TSval=121638606 TSecr=37"
"12643","425.473033","192.168.16.1","192.168.16.211","TCP","101","15002  >  1028 [PSH, ACK] Seq=14897 Ack=12296 Win=256 Len=35 TSval=121638688 TSecr=37"
"12675","426.474316","192.168.16.1","192.168.16.211","TCP","101","15002  >  1028 [PSH, ACK] Seq=14932 Ack=12325 Win=256 Len=35 TSval=121638788 TSecr=37"
"12701","427.469367","192.168.16.1","192.168.16.211","TCP","101","15002  >  1028 [PSH, ACK] Seq=14967 Ack=12354 Win=256 Len=35 TSval=121638888 TSecr=37"
"12730","428.468875","192.168.16.1","192.168.16.211","TCP","101","15002  >  1028 [PSH, ACK] Seq=15002 Ack=12383 Win=256 Len=35 TSval=121638988 TSecr=37"
"12761","429.651701","192.168.16.1","192.168.16.211","TCP","101","15002  >  1028 [PSH, ACK] Seq=15037 Ack=12412 Win=256 Len=35 TSval=121639106 TSecr=37"
"12792","430.639781","192.168.16.1","192.168.16.211","TCP","101","15002  >  1028 [PSH, ACK] Seq=15072 Ack=12441 Win=256 Len=35 TSval=121639205 TSecr=37"
"12822","431.469421","192.168.16.1","192.168.16.211","TCP","101","15002  >  1028 [PSH, ACK] Seq=15107 Ack=12470 Win=256 Len=35 TSval=121639288 TSecr=37"
"12857","432.663897","192.168.16.1","192.168.16.211","TCP","101","15002  >  1028 [PSH, ACK] Seq=15142 Ack=12499 Win=255 Len=35 TSval=121639407 TSecr=37"
"12882","433.476298","192.168.16.1","192.168.16.211","TCP","101","15002  >  1028 [PSH, ACK] Seq=15177 Ack=12529 Win=255 Len=35 TSval=121639489 TSecr=37"
"12910","434.477492","192.168.16.1","192.168.16.211","TCP","101","15002  >  1028 [PSH, ACK] Seq=15212 Ack=12558 Win=255 Len=35 TSval=121639589 TSecr=37"
"12943","435.655950","192.168.16.1","192.168.16.211","TCP","101","15002  >  1028 [PSH, ACK] Seq=15247 Ack=12587 Win=255 Len=35 TSval=121639706 TSecr=37"
"12968","436.475486","192.168.16.1","192.168.16.211","TCP","101","15002  >  1028 [PSH, ACK] Seq=15282 Ack=12616 Win=255 Len=35 TSval=121639788 TSecr=37"
"13001","437.476813","192.168.16.1","192.168.16.211","TCP","101","15002  >  1028 [PSH, ACK] Seq=15317 Ack=12645 Win=255 Len=35 TSval=121639889 TSecr=37"
"13035","438.477619","192.168.16.1","192.168.16.211","TCP","101","15002  >  1028 [PSH, ACK] Seq=15352 Ack=12674 Win=255 Len=35 TSval=121639989 TSecr=37"
"13065","439.473041","192.168.16.1","192.168.16.211","TCP","101","15002  >  1028 [PSH, ACK] Seq=15387 Ack=12703 Win=255 Len=35 TSval=121640088 TSecr=37"
"13095","440.475001","192.168.16.1","192.168.16.211","TCP","101","15002  >  1028 [PSH, ACK] Seq=15422 Ack=12732 Win=254 Len=35 TSval=121640188 TSecr=37"
"13122","441.478184","192.168.16.1","192.168.16.211","TCP","101","15002  >  1028 [PSH, ACK] Seq=15457 Ack=12761 Win=254 Len=35 TSval=121640289 TSecr=37"
"13151","442.470643","192.168.16.1","192.168.16.211","TCP","101","15002  >  1028 [PSH, ACK] Seq=15492 Ack=12790 Win=254 Len=35 TSval=121640388 TSecr=37"
"13184","443.653453","192.168.16.1","192.168.16.211","TCP","101","15002  >  1028 [PSH, ACK] Seq=15527 Ack=12819 Win=254 Len=35 TSval=121640506 TSecr=37"
"13212","444.648738","192.168.16.1","192.168.16.211","TCP","101","15002  >  1028 [PSH, ACK] Seq=15562 Ack=12848 Win=260 Len=35 TSval=121640606 TSecr=37"
"13236","445.467889","192.168.16.1","192.168.16.211","TCP","101","15002  >  1028 [PSH, ACK] Seq=15597 Ack=12877 Win=260 Len=35 TSval=121640688 TSecr=37"
"13266","446.471978","192.168.16.1","192.168.16.211","TCP","101","15002  >  1028 [PSH, ACK] Seq=15632 Ack=12906 Win=259 Len=35 TSval=121640788 TSecr=37"
"13296","447.462536","192.168.16.1","192.168.16.211","TCP","101","15002  >  1028 [PSH, ACK] Seq=15667 Ack=12935 Win=259 Len=35 TSval=121640887 TSecr=37"
"13325","448.476623","192.168.16.1","192.168.16.211","TCP","101","15002  >  1028 [PSH, ACK] Seq=15702 Ack=12964 Win=259 Len=35 TSval=121640988 TSecr=37"
"13359","449.645925","192.168.16.1","192.168.16.211","TCP","101","15002  >  1028 [PSH, ACK] Seq=15737 Ack=12993 Win=259 Len=35 TSval=121641105 TSecr=37"
"13392","450.656710","192.168.16.1","192.168.16.211","TCP","101","15002  >  1028 [PSH, ACK] Seq=15772 Ack=13022 Win=259 Len=35 TSval=121641206 TSecr=37"
"13420","451.475245","192.168.16.1","192.168.16.211","TCP","101","15002  >  1028 [PSH, ACK] Seq=15807 Ack=13051 Win=259 Len=35 TSval=121641288 TSecr=37"
"13449","452.479718","192.168.16.1","192.168.16.211","TCP","101","15002  >  1028 [PSH, ACK] Seq=15842 Ack=13080 Win=259 Len=35 TSval=121641389 TSecr=37"
"13475","453.469910","192.168.16.1","192.168.16.211","TCP","101","15002  >  1028 [PSH, ACK] Seq=15877 Ack=13109 Win=259 Len=35 TSval=121641488 TSecr=37"
"13508","454.475127","192.168.16.1","192.168.16.211","TCP","101","15002  >  1028 [PSH, ACK] Seq=15912 Ack=13138 Win=259 Len=35 TSval=121641588 TSecr=37"
"13545","455.664494","192.168.16.1","192.168.16.211","TCP","101","15002  >  1028 [PSH, ACK] Seq=15947 Ack=13167 Win=258 Len=35 TSval=121641707 TSecr=37"
"13575","456.642432","192.168.16.1","192.168.16.211","TCP","101","15002  >  1028 [PSH, ACK] Seq=15982 Ack=13196 Win=258 Len=35 TSval=121641805 TSecr=37"
"13596","457.475676","192.168.16.1","192.168.16.211","TCP","101","15002  >  1028 [PSH, ACK] Seq=16017 Ack=13225 Win=258 Len=35 TSval=121641888 TSecr=37"
"13624","458.475539","192.168.16.1","192.168.16.211","TCP","101","15002  >  1028 [PSH, ACK] Seq=16052 Ack=13255 Win=258 Len=35 TSval=121641988 TSecr=37"
"13653","459.487898","192.168.16.1","192.168.16.211","TCP","101","15002  >  1028 [PSH, ACK] Seq=16087 Ack=13284 Win=258 Len=35 TSval=121642089 TSecr=37"
"13681","460.459427","192.168.16.1","192.168.16.211","TCP","101","15002  >  1028 [PSH, ACK] Seq=16122 Ack=13313 Win=258 Len=35 TSval=121642187 TSecr=37"
"13714","461.474126","192.168.16.1","192.168.16.211","TCP","101","15002  >  1028 [PSH, ACK] Seq=16157 Ack=13342 Win=258 Len=35 TSval=121642288 TSecr=37"
"13747","462.476682","192.168.16.1","192.168.16.211","TCP","101","15002  >  1028 [PSH, ACK] Seq=16192 Ack=13371 Win=258 Len=35 TSval=121642388 TSecr=37"
"13776","463.468643","192.168.16.1","192.168.16.211","TCP","101","15002  >  1028 [PSH, ACK] Seq=16227 Ack=13400 Win=258 Len=35 TSval=121642487 TSecr=37"
"13812","464.641946","192.168.16.1","192.168.16.211","TCP","101","15002  >  1028 [PSH, ACK] Seq=16262 Ack=13429 Win=257 Len=35 TSval=121642605 TSecr=37"
"13836","465.475463","192.168.16.1","192.168.16.211","TCP","101","15002  >  1028 [PSH, ACK] Seq=16297 Ack=13458 Win=257 Len=35 TSval=121642688 TSecr=37"
"13871","466.652621","192.168.16.1","192.168.16.211","TCP","101","15002  >  1028 [PSH, ACK] Seq=16332 Ack=13487 Win=257 Len=35 TSval=121642806 TSecr=37"
"13893","467.481718","192.168.16.1","192.168.16.211","TCP","101","15002  >  1028 [PSH, ACK] Seq=16367 Ack=13516 Win=257 Len=35 TSval=121642889 TSecr=37"
"13924","468.475099","192.168.16.1","192.168.16.211","TCP","101","15002  >  1028 [PSH, ACK] Seq=16402 Ack=13545 Win=257 Len=35 TSval=121642988 TSecr=37"
"13958","469.643825","192.168.16.1","192.168.16.211","TCP","101","15002  >  1028 [PSH, ACK] Seq=16437 Ack=13574 Win=257 Len=35 TSval=121643105 TSecr=37"
"13987","470.640884","192.168.16.1","192.168.16.211","TCP","101","15002  >  1028 [PSH, ACK] Seq=16472 Ack=13603 Win=257 Len=35 TSval=121643205 TSecr=37"
"14011","471.484888","192.168.16.1","192.168.16.211","TCP","101","15002  >  1028 [PSH, ACK] Seq=16507 Ack=13632 Win=257 Len=35 TSval=121643289 TSecr=37"
"14037","472.475796","192.168.16.1","192.168.16.211","TCP","101","15002  >  1028 [PSH, ACK] Seq=16542 Ack=13661 Win=257 Len=35 TSval=121643388 TSecr=37"
"14065","473.478125","192.168.16.1","192.168.16.211","TCP","101","15002  >  1028 [PSH, ACK] Seq=16577 Ack=13690 Win=256 Len=35 TSval=121643488 TSecr=37"
"14091","474.468351","192.168.16.1","192.168.16.211","TCP","102","15002  >  1028 [PSH, ACK] Seq=16612 Ack=13719 Win=256 Len=36 TSval=121643587 TSecr=37"
"14124","475.648341","192.168.16.1","192.168.16.211","TCP","101","15002  >  1028 [PSH, ACK] Seq=16648 Ack=13746 Win=256 Len=35 TSval=121643705 TSecr=37"
"14150","476.464920","192.168.16.1","192.168.16.211","TCP","101","15002  >  1028 [PSH, ACK] Seq=16683 Ack=13775 Win=256 Len=35 TSval=121643787 TSecr=37"
"14179","477.480488","192.168.16.1","192.168.16.211","TCP","101","15002  >  1028 [PSH, ACK] Seq=16718 Ack=13804 Win=256 Len=35 TSval=121643888 TSecr=37"
"14211","478.473676","192.168.16.1","192.168.16.211","TCP","102","15002  >  1028 [PSH, ACK] Seq=16753 Ack=13833 Win=256 Len=36 TSval=121643988 TSecr=37"
"14238","479.474478","192.168.16.1","192.168.16.211","TCP","101","15002  >  1028 [PSH, ACK] Seq=16789 Ack=13860 Win=256 Len=35 TSval=121644088 TSecr=37"
"14268","480.477428","192.168.16.1","192.168.16.211","TCP","101","15002  >  1028 [PSH, ACK] Seq=16824 Ack=13889 Win=256 Len=35 TSval=121644188 TSecr=37"
"14301","481.470634","192.168.16.1","192.168.16.211","TCP","101","15002  >  1028 [PSH, ACK] Seq=16859 Ack=13918 Win=256 Len=35 TSval=121644287 TSecr=37"
"14332","482.485933","192.168.16.1","192.168.16.211","TCP","101","15002  >  1028 [PSH, ACK] Seq=16894 Ack=13947 Win=255 Len=35 TSval=121644389 TSecr=37"
"14360","483.487837","192.168.16.1","192.168.16.211","TCP","101","15002  >  1028 [PSH, ACK] Seq=16929 Ack=13976 Win=255 Len=35 TSval=121644489 TSecr=37"
"14390","484.480166","192.168.16.1","192.168.16.211","TCP","101","15002  >  1028 [PSH, ACK] Seq=16964 Ack=14005 Win=255 Len=35 TSval=121644588 TSecr=37"
"14425","485.646767","192.168.16.1","192.168.16.211","TCP","102","15002  >  1028 [PSH, ACK] Seq=16999 Ack=14034 Win=255 Len=36 TSval=121644705 TSecr=37"
"14449","486.471758","192.168.16.1","192.168.16.211","TCP","101","15002  >  1028 [PSH, ACK] Seq=17035 Ack=14061 Win=255 Len=35 TSval=121644788 TSecr=37"
"14479","487.466533","192.168.16.1","192.168.16.211","TCP","101","15002  >  1028 [PSH, ACK] Seq=17070 Ack=14090 Win=255 Len=35 TSval=121644887 TSecr=37"
"14506","488.467891","192.168.16.1","192.168.16.211","TCP","101","15002  >  1028 [PSH, ACK] Seq=17105 Ack=14119 Win=255 Len=35 TSval=121644987 TSecr=37"
"14536","489.471633","192.168.16.1","192.168.16.211","TCP","101","15002  >  1028 [PSH, ACK] Seq=17140 Ack=14148 Win=255 Len=35 TSval=121645087 TSecr=37"
"14568","490.477727","192.168.16.1","192.168.16.211","TCP","101","15002  >  1028 [PSH, ACK] Seq=17175 Ack=14177 Win=254 Len=35 TSval=121645188 TSecr=37"
"14607","491.652619","192.168.16.1","192.168.16.211","TCP","101","15002  >  1028 [PSH, ACK] Seq=17210 Ack=14206 Win=254 Len=35 TSval=121645306 TSecr=37"
"14632","492.470330","192.168.16.1","192.168.16.211","TCP","102","15002  >  1028 [PSH, ACK] Seq=17245 Ack=14235 Win=254 Len=36 TSval=121645387 TSecr=37"
"14665","493.472947","192.168.16.1","192.168.16.211","TCP","101","15002  >  1028 [PSH, ACK] Seq=17281 Ack=14262 Win=254 Len=35 TSval=121645488 TSecr=37"
"14703","494.632602","192.168.16.1","192.168.16.211","TCP","101","15002  >  1028 [PSH, ACK] Seq=17316 Ack=14291 Win=254 Len=35 TSval=121645603 TSecr=37"
"14729","495.477147","192.168.16.1","192.168.16.211","TCP","101","15002  >  1028 [PSH, ACK] Seq=17351 Ack=14320 Win=260 Len=35 TSval=121645688 TSecr=37"
"14767","496.643529","192.168.16.1","192.168.16.211","TCP","101","15002  >  1028 [PSH, ACK] Seq=17386 Ack=14349 Win=260 Len=35 TSval=121645805 TSecr=37"
"14790","497.475959","192.168.16.1","192.168.16.211","TCP","101","15002  >  1028 [PSH, ACK] Seq=17421 Ack=14378 Win=259 Len=35 TSval=121645888 TSecr=37"
"14825","498.475347","192.168.16.1","192.168.16.211","TCP","101","15002  >  1028 [PSH, ACK] Seq=17456 Ack=14407 Win=259 Len=35 TSval=121645988 TSecr=37"
"14855","499.484054","192.168.16.1","192.168.16.211","TCP","101","15002  >  1028 [PSH, ACK] Seq=17491 Ack=14436 Win=259 Len=35 TSval=121646089 TSecr=37"
"14885","500.650803","192.168.16.1","192.168.16.211","TCP","101","15002  >  1028 [PSH, ACK] Seq=17526 Ack=14465 Win=259 Len=35 TSval=121646205 TSecr=37"
"14912","501.649226","192.168.16.1","192.168.16.211","TCP","101","15002  >  1028 [PSH, ACK] Seq=17561 Ack=14494 Win=259 Len=35 TSval=121646305 TSecr=37"
"14937","502.468994","192.168.16.1","192.168.16.211","TCP","101","15002  >  1028 [PSH, ACK] Seq=17596 Ack=14523 Win=259 Len=35 TSval=121646387 TSecr=37"
"14973","503.648947","192.168.16.1","192.168.16.211","TCP","101","15002  >  1028 [PSH, ACK] Seq=17631 Ack=14552 Win=259 Len=35 TSval=121646505 TSecr=37"
"14995","504.484195","192.168.16.1","192.168.16.211","TCP","101","15002  >  1028 [PSH, ACK] Seq=17666 Ack=14581 Win=259 Len=35 TSval=121646589 TSecr=37"
"15032","505.649266","192.168.16.1","192.168.16.211","TCP","101","15002  >  1028 [PSH, ACK] Seq=17701 Ack=14610 Win=259 Len=35 TSval=121646705 TSecr=37"
"15058","506.480415","192.168.16.1","192.168.16.211","TCP","101","15002  >  1028 [PSH, ACK] Seq=17736 Ack=14639 Win=258 Len=35 TSval=121646788 TSecr=37"
"15100","507.660706","192.168.16.1","192.168.16.211","TCP","101","15002  >  1028 [PSH, ACK] Seq=17771 Ack=14668 Win=258 Len=35 TSval=121646906 TSecr=37"
"15126","508.477707","192.168.16.1","192.168.16.211","TCP","101","15002  >  1028 [PSH, ACK] Seq=17806 Ack=14697 Win=258 Len=35 TSval=121646988 TSecr=37"
"15157","509.476994","192.168.16.1","192.168.16.211","TCP","101","15002  >  1028 [PSH, ACK] Seq=17841 Ack=14726 Win=258 Len=35 TSval=121647088 TSecr=37"
"15191","510.472283","192.168.16.1","192.168.16.211","TCP","102","15002  >  1028 [PSH, ACK] Seq=17876 Ack=14755 Win=258 Len=36 TSval=121647187 TSecr=37"
"15230","511.653417","192.168.16.1","192.168.16.211","TCP","101","15002  >  1028 [PSH, ACK] Seq=17912 Ack=14782 Win=258 Len=35 TSval=121647305 TSecr=37"
"15255","512.477970","192.168.16.1","192.168.16.211","TCP","101","15002  >  1028 [PSH, ACK] Seq=17947 Ack=14811 Win=258 Len=35 TSval=121647388 TSecr=37"
"15283","513.470391","192.168.16.1","192.168.16.211","TCP","101","15002  >  1028 [PSH, ACK] Seq=17982 Ack=14840 Win=258 Len=35 TSval=121647487 TSecr=37"
"15311","514.476768","192.168.16.1","192.168.16.211","TCP","101","15002  >  1028 [PSH, ACK] Seq=18017 Ack=14869 Win=258 Len=35 TSval=121647588 TSecr=37"
"15346","515.660119","192.168.16.1","192.168.16.211","TCP","101","15002  >  1028 [PSH, ACK] Seq=18052 Ack=14898 Win=257 Len=35 TSval=121647706 TSecr=37"
"15373","516.478756","192.168.16.1","192.168.16.211","TCP","101","15002  >  1028 [PSH, ACK] Seq=18087 Ack=14927 Win=257 Len=35 TSval=121647788 TSecr=37"
"15403","517.481813","192.168.16.1","192.168.16.211","TCP","101","15002  >  1028 [PSH, ACK] Seq=18122 Ack=14956 Win=257 Len=35 TSval=121647888 TSecr=37"
"15431","518.482081","192.168.16.1","192.168.16.211","TCP","101","15002  >  1028 [PSH, ACK] Seq=18157 Ack=14985 Win=257 Len=35 TSval=121647988 TSecr=37"
"15465","519.648583","192.168.16.1","192.168.16.211","TCP","101","15002  >  1028 [PSH, ACK] Seq=18192 Ack=15014 Win=257 Len=35 TSval=121648105 TSecr=37"
"15492","520.471719","192.168.16.1","192.168.16.211","TCP","101","15002  >  1028 [PSH, ACK] Seq=18227 Ack=15043 Win=257 Len=35 TSval=121648187 TSecr=37"
"15526","521.664120","192.168.16.1","192.168.16.211","TCP","101","15002  >  1028 [PSH, ACK] Seq=18262 Ack=15072 Win=257 Len=35 TSval=121648306 TSecr=37"
"15550","522.474417","192.168.16.1","192.168.16.211","TCP","101","15002  >  1028 [PSH, ACK] Seq=18297 Ack=15101 Win=257 Len=35 TSval=121648387 TSecr=37"
"15581","523.649519","192.168.16.1","192.168.16.211","TCP","101","15002  >  1028 [PSH, ACK] Seq=18332 Ack=15130 Win=257 Len=35 TSval=121648505 TSecr=37"
"15607","524.635558","192.168.16.1","192.168.16.211","TCP","101","15002  >  1028 [PSH, ACK] Seq=18367 Ack=15159 Win=256 Len=35 TSval=121648603 TSecr=37"
"15638","525.657309","192.168.16.1","192.168.16.211","TCP","101","15002  >  1028 [PSH, ACK] Seq=18402 Ack=15188 Win=256 Len=35 TSval=121648706 TSecr=37"
"15665","526.661763","192.168.16.1","192.168.16.211","TCP","101","15002  >  1028 [PSH, ACK] Seq=18437 Ack=15217 Win=256 Len=35 TSval=121648806 TSecr=37"
"15691","527.485366","192.168.16.1","192.168.16.211","TCP","101","15002  >  1028 [PSH, ACK] Seq=18472 Ack=15246 Win=256 Len=35 TSval=121648888 TSecr=37"
"15727","528.647993","192.168.16.1","192.168.16.211","TCP","101","15002  >  1028 [PSH, ACK] Seq=18507 Ack=15275 Win=256 Len=35 TSval=121649005 TSecr=37"
"15755","529.483371","192.168.16.1","192.168.16.211","TCP","101","15002  >  1028 [PSH, ACK] Seq=18542 Ack=15304 Win=256 Len=35 TSval=121649088 TSecr=37"
"15784","530.477714","192.168.16.1","192.168.16.211","TCP","101","15002  >  1028 [PSH, ACK] Seq=18577 Ack=15333 Win=256 Len=35 TSval=121649188 TSecr=37"
"15813","531.469805","192.168.16.1","192.168.16.211","TCP","101","15002  >  1028 [PSH, ACK] Seq=18612 Ack=15362 Win=256 Len=35 TSval=121649287 TSecr=37"
"15845","532.472201","192.168.16.1","192.168.16.211","TCP","101","15002  >  1028 [PSH, ACK] Seq=18647 Ack=15391 Win=256 Len=35 TSval=121649387 TSecr=37"
"15875","533.484456","192.168.16.1","192.168.16.211","TCP","101","15002  >  1028 [PSH, ACK] Seq=18682 Ack=15420 Win=255 Len=35 TSval=121649488 TSecr=37"
"15904","534.476481","192.168.16.1","192.168.16.211","TCP","101","15002  >  1028 [PSH, ACK] Seq=18717 Ack=15449 Win=255 Len=35 TSval=121649587 TSecr=37"
"15931","535.482916","192.168.16.1","192.168.16.211","TCP","101","15002  >  1028 [PSH, ACK] Seq=18752 Ack=15478 Win=255 Len=35 TSval=121649688 TSecr=37"
"15960","536.475826","192.168.16.1","192.168.16.211","TCP","101","15002  >  1028 [PSH, ACK] Seq=18787 Ack=15507 Win=255 Len=35 TSval=121649787 TSecr=37"
"15990","537.476798","192.168.16.1","192.168.16.211","TCP","101","15002  >  1028 [PSH, ACK] Seq=18822 Ack=15536 Win=255 Len=35 TSval=121649887 TSecr=37"
"16018","538.471694","192.168.16.1","192.168.16.211","TCP","101","15002  >  1028 [PSH, ACK] Seq=18857 Ack=15565 Win=255 Len=35 TSval=121649987 TSecr=37"
"16055","539.664935","192.168.16.1","192.168.16.211","TCP","101","15002  >  1028 [PSH, ACK] Seq=18892 Ack=15594 Win=255 Len=35 TSval=121650106 TSecr=37"
"16085","540.665561","192.168.16.1","192.168.16.211","TCP","101","15002  >  1028 [PSH, ACK] Seq=18927 Ack=15623 Win=255 Len=35 TSval=121650206 TSecr=37"
"16109","541.479741","192.168.16.1","192.168.16.211","TCP","101","15002  >  1028 [PSH, ACK] Seq=18962 Ack=15652 Win=254 Len=35 TSval=121650288 TSecr=37"
"16141","542.483069","192.168.16.1","192.168.16.211","TCP","101","15002  >  1028 [PSH, ACK] Seq=18997 Ack=15681 Win=254 Len=35 TSval=121650388 TSecr=37"
"16172","543.473325","192.168.16.1","192.168.16.211","TCP","101","15002  >  1028 [PSH, ACK] Seq=19032 Ack=15710 Win=254 Len=35 TSval=121650487 TSecr=37"
"16206","544.660255","192.168.16.1","192.168.16.211","TCP","101","15002  >  1028 [PSH, ACK] Seq=19067 Ack=15739 Win=254 Len=35 TSval=121650606 TSecr=37"
"16232","545.475858","192.168.16.1","192.168.16.211","TCP","101","15002  >  1028 [PSH, ACK] Seq=19102 Ack=15769 Win=260 Len=35 TSval=121650687 TSecr=37"
"16260","546.482254","192.168.16.1","192.168.16.211","TCP","101","15002  >  1028 [PSH, ACK] Seq=19137 Ack=15798 Win=260 Len=35 TSval=121650788 TSecr=37"
"16293","547.660271","192.168.16.1","192.168.16.211","TCP","101","15002  >  1028 [PSH, ACK] Seq=19172 Ack=15827 Win=259 Len=35 TSval=121650906 TSecr=37"
"16315","548.478767","192.168.16.1","192.168.16.211","TCP","101","15002  >  1028 [PSH, ACK] Seq=19207 Ack=15856 Win=259 Len=35 TSval=121650988 TSecr=37"
"16347","549.655661","192.168.16.1","192.168.16.211","TCP","101","15002  >  1028 [PSH, ACK] Seq=19242 Ack=15885 Win=259 Len=35 TSval=121651105 TSecr=37"
"16374","550.479574","192.168.16.1","192.168.16.211","TCP","101","15002  >  1028 [PSH, ACK] Seq=19277 Ack=15914 Win=259 Len=35 TSval=121651188 TSecr=37"
"16404","551.486906","192.168.16.1","192.168.16.211","TCP","101","15002  >  1028 [PSH, ACK] Seq=19312 Ack=15943 Win=259 Len=35 TSval=121651288 TSecr=37"
"16439","552.653731","192.168.16.1","192.168.16.211","TCP","101","15002  >  1028 [PSH, ACK] Seq=19347 Ack=15972 Win=259 Len=35 TSval=121651405 TSecr=37"
"16462","553.472446","192.168.16.1","192.168.16.211","TCP","101","15002  >  1028 [PSH, ACK] Seq=19382 Ack=16001 Win=259 Len=35 TSval=121651487 TSecr=37"
"16490","554.473477","192.168.16.1","192.168.16.211","TCP","101","15002  >  1028 [PSH, ACK] Seq=19417 Ack=16030 Win=259 Len=35 TSval=121651587 TSecr=37"
"16525","555.652901","192.168.16.1","192.168.16.211","TCP","101","15002  >  1028 [PSH, ACK] Seq=19452 Ack=16059 Win=259 Len=35 TSval=121651705 TSecr=37"
"16558","556.651625","192.168.16.1","192.168.16.211","TCP","101","15002  >  1028 [PSH, ACK] Seq=19487 Ack=16088 Win=258 Len=35 TSval=121651805 TSecr=37"
"16588","557.656139","192.168.16.1","192.168.16.211","TCP","101","15002  >  1028 [PSH, ACK] Seq=19522 Ack=16117 Win=258 Len=35 TSval=121651905 TSecr=37"
"16613","558.476706","192.168.16.1","192.168.16.211","TCP","101","15002  >  1028 [PSH, ACK] Seq=19557 Ack=16146 Win=258 Len=35 TSval=121651987 TSecr=37"
"16645","559.480329","192.168.16.1","192.168.16.211","TCP","101","15002  >  1028 [PSH, ACK] Seq=19592 Ack=16175 Win=258 Len=35 TSval=121652088 TSecr=37"
"16680","560.658610","192.168.16.1","192.168.16.211","TCP","101","15002  >  1028 [PSH, ACK] Seq=19627 Ack=16204 Win=258 Len=35 TSval=121652205 TSecr=37"
"16706","561.480763","192.168.16.1","192.168.16.211","TCP","101","15002  >  1028 [PSH, ACK] Seq=19662 Ack=16233 Win=258 Len=35 TSval=121652288 TSecr=37"
"16736","562.473741","192.168.16.1","192.168.16.211","TCP","102","15002  >  1028 [PSH, ACK] Seq=19697 Ack=16262 Win=258 Len=36 TSval=121652387 TSecr=37"
"16766","563.480068","192.168.16.1","192.168.16.211","TCP","101","15002  >  1028 [PSH, ACK] Seq=19733 Ack=16289 Win=258 Len=35 TSval=121652487 TSecr=37"
"16798","564.473966","192.168.16.1","192.168.16.211","TCP","101","15002  >  1028 [PSH, ACK] Seq=19768 Ack=16318 Win=258 Len=35 TSval=121652587 TSecr=37"
"16826","565.476295","192.168.16.1","192.168.16.211","TCP","101","15002  >  1028 [PSH, ACK] Seq=19803 Ack=16347 Win=257 Len=35 TSval=121652687 TSecr=37"
"16865","566.657801","192.168.16.1","192.168.16.211","TCP","101","15002  >  1028 [PSH, ACK] Seq=19838 Ack=16376 Win=257 Len=35 TSval=121652805 TSecr=37"
"16889","567.491529","192.168.16.1","192.168.16.211","TCP","101","15002  >  1028 [PSH, ACK] Seq=19873 Ack=16405 Win=257 Len=35 TSval=121652889 TSecr=37"
"16922","568.660904","192.168.16.1","192.168.16.211","TCP","101","15002  >  1028 [PSH, ACK] Seq=19908 Ack=16434 Win=257 Len=35 TSval=121653006 TSecr=37"
"16948","569.478392","192.168.16.1","192.168.16.211","TCP","101","15002  >  1028 [PSH, ACK] Seq=19943 Ack=16463 Win=257 Len=35 TSval=121653087 TSecr=37"
"16977","570.479491","192.168.16.1","192.168.16.211","TCP","101","15002  >  1028 [PSH, ACK] Seq=19978 Ack=16492 Win=257 Len=35 TSval=121653187 TSecr=37"
"17007","571.471618","192.168.16.1","192.168.16.211","TCP","101","15002  >  1028 [PSH, ACK] Seq=20013 Ack=16521 Win=257 Len=35 TSval=121653287 TSecr=37"
"17040","572.480559","192.168.16.1","192.168.16.211","TCP","101","15002  >  1028 [PSH, ACK] Seq=20048 Ack=16550 Win=257 Len=35 TSval=121653387 TSecr=37"
"17070","573.487323","192.168.16.1","192.168.16.211","TCP","101","15002  >  1028 [PSH, ACK] Seq=20083 Ack=16579 Win=257 Len=35 TSval=121653488 TSecr=37"
"17102","574.655166","192.168.16.1","192.168.16.211","TCP","101","15002  >  1028 [PSH, ACK] Seq=20118 Ack=16608 Win=256 Len=35 TSval=121653605 TSecr=37"
"17128","575.472642","192.168.16.1","192.168.16.211","TCP","101","15002  >  1028 [PSH, ACK] Seq=20153 Ack=16637 Win=256 Len=35 TSval=121653687 TSecr=37"
"17157","576.479728","192.168.16.1","192.168.16.211","TCP","101","15002  >  1028 [PSH, ACK] Seq=20188 Ack=16666 Win=256 Len=35 TSval=121653787 TSecr=37"
"17191","577.656648","192.168.16.1","192.168.16.211","TCP","101","15002  >  1028 [PSH, ACK] Seq=20223 Ack=16695 Win=256 Len=35 TSval=121653905 TSecr=37"
"17215","578.479535","192.168.16.1","192.168.16.211","TCP","101","15002  >  1028 [PSH, ACK] Seq=20258 Ack=16724 Win=256 Len=35 TSval=121653987 TSecr=37"
"17246","579.657272","192.168.16.1","192.168.16.211","TCP","101","15002  >  1028 [PSH, ACK] Seq=20293 Ack=16753 Win=256 Len=35 TSval=121654105 TSecr=37"
"17277","580.645006","192.168.16.1","192.168.16.211","TCP","101","15002  >  1028 [PSH, ACK] Seq=20328 Ack=16782 Win=256 Len=35 TSval=121654204 TSecr=37"
"17304","581.480695","192.168.16.1","192.168.16.211","TCP","101","15002  >  1028 [PSH, ACK] Seq=20363 Ack=16811 Win=256 Len=35 TSval=121654287 TSecr=37"
"17338","582.483626","192.168.16.1","192.168.16.211","TCP","101","15002  >  1028 [PSH, ACK] Seq=20398 Ack=16840 Win=256 Len=35 TSval=121654388 TSecr=37"
"17373","583.474634","192.168.16.1","192.168.16.211","TCP","101","15002  >  1028 [PSH, ACK] Seq=20433 Ack=16869 Win=255 Len=35 TSval=121654487 TSecr=37"
"17403","584.488555","192.168.16.1","192.168.16.211","TCP","101","15002  >  1028 [PSH, ACK] Seq=20468 Ack=16898 Win=255 Len=35 TSval=121654588 TSecr=37"
"17433","585.479268","192.168.16.1","192.168.16.211","TCP","101","15002  >  1028 [PSH, ACK] Seq=20503 Ack=16927 Win=255 Len=35 TSval=121654687 TSecr=37"
"17467","586.479772","192.168.16.1","192.168.16.211","TCP","101","15002  >  1028 [PSH, ACK] Seq=20538 Ack=16956 Win=255 Len=35 TSval=121654787 TSecr=37"
"17499","587.638465","192.168.16.1","192.168.16.211","TCP","101","15002  >  1028 [PSH, ACK] Seq=20573 Ack=16985 Win=255 Len=35 TSval=121654903 TSecr=37"
"17523","588.488739","192.168.16.1","192.168.16.211","TCP","101","15002  >  1028 [PSH, ACK] Seq=20608 Ack=17014 Win=255 Len=35 TSval=121654988 TSecr=37"
"17554","589.478547","192.168.16.1","192.168.16.211","TCP","101","15002  >  1028 [PSH, ACK] Seq=20643 Ack=17043 Win=255 Len=35 TSval=121655087 TSecr=37"
"17586","590.479793","192.168.16.1","192.168.16.211","TCP","101","15002  >  1028 [PSH, ACK] Seq=20678 Ack=17072 Win=255 Len=35 TSval=121655187 TSecr=37"
"17617","591.492098","192.168.16.1","192.168.16.211","TCP","101","15002  >  1028 [PSH, ACK] Seq=20713 Ack=17101 Win=254 Len=35 TSval=121655288 TSecr=37"
"17648","592.483390","192.168.16.1","192.168.16.211","TCP","101","15002  >  1028 [PSH, ACK] Seq=20748 Ack=17130 Win=254 Len=35 TSval=121655388 TSecr=37"
"17682","593.654642","192.168.16.1","192.168.16.211","TCP","101","15002  >  1028 [PSH, ACK] Seq=20783 Ack=17159 Win=254 Len=35 TSval=121655505 TSecr=37"
"17707","594.477094","192.168.16.1","192.168.16.211","TCP","101","15002  >  1028 [PSH, ACK] Seq=20818 Ack=17188 Win=254 Len=35 TSval=121655587 TSecr=37"
"17735","595.484888","192.168.16.1","192.168.16.211","TCP","101","15002  >  1028 [PSH, ACK] Seq=20853 Ack=17217 Win=260 Len=35 TSval=121655688 TSecr=37"
"17761","596.477271","192.168.16.1","192.168.16.211","TCP","101","15002  >  1028 [PSH, ACK] Seq=20888 Ack=17246 Win=260 Len=35 TSval=121655787 TSecr=37"
"17791","597.656839","192.168.16.1","192.168.16.211","TCP","101","15002  >  1028 [PSH, ACK] Seq=20923 Ack=17275 Win=259 Len=35 TSval=121655905 TSecr=37"
"17815","598.472102","192.168.16.1","192.168.16.211","TCP","101","15002  >  1028 [PSH, ACK] Seq=20958 Ack=17304 Win=259 Len=35 TSval=121655986 TSecr=37"
"17843","599.484001","192.168.16.1","192.168.16.211","TCP","101","15002  >  1028 [PSH, ACK] Seq=20993 Ack=17333 Win=259 Len=35 TSval=121656087 TSecr=37"
